"soortgroep";"meetnet";"soort_nl";"soort_wet";"levensstadium";"2016";"2017";"2018";"2019"
"amfibieën";"Boomkikker";"Alpenwatersalamander";"Ichthyosaura alpestris";"larve";68;15;96;85
"amfibieën";"Boomkikker";"Bruine kikker";"Rana temporaria";"adult";0;4;0;0
"amfibieën";"Boomkikker";"Bruine kikker";"Rana temporaria";"larve";25;100;0;0
"amfibieën";"Boomkikker";"Bruine kikker";"Rana temporaria";"metamorf";0;0;110;0
"amfibieën";"Boomkikker";"Gewone pad";"Bufo bufo";"larve";0;0;64;0
"amfibieën";"Boomkikker";"Heikikker";"Rana arvalis";"larve";0;0;6;0
"amfibieën";"Boomkikker";"Kamsalamander";"Triturus cristatus";"adult";0;0;5;0
"amfibieën";"Boomkikker";"Kamsalamander";"Triturus cristatus";"larve";103;0;44;60
"amfibieën";"Boomkikker";"Kleine water/Vinpootsalamander";"Lissotriton spec.";"larve";0;0;103;66
"amfibieën";"Boomkikker";"Kleine watersalamander";"Lissotriton vulgaris";"adult";0;0;6;0
"amfibieën";"Boomkikker";"Kleine watersalamander";"Lissotriton vulgaris";"larve";362;46;35;68
"amfibieën";"Boomkikker";"Vinpootsalamander";"Lissotriton helveticus";"larve";30;0;31;0
"amfibieën";"Boomkikker";NA;"Pelophylax esculenta synklepton";"adult";0;0;1;0
"amfibieën";"Boomkikker";NA;"Pelophylax esculenta synklepton";"larve";0;0;728;34
"amfibieën";"Kamsalamander";"Alpenwatersalamander";"Ichthyosaura alpestris";"adult";0;668;1220;756
"amfibieën";"Kamsalamander";"Alpenwatersalamander";"Ichthyosaura alpestris";"juveniel";0;0;5;6
"amfibieën";"Kamsalamander";"Alpenwatersalamander";"Ichthyosaura alpestris";"larve";0;88;202;407
"amfibieën";"Kamsalamander";"Alpenwatersalamander";"Ichthyosaura alpestris";"metamorf";0;0;0;0
"amfibieën";"Kamsalamander";"Boomkikker";"Hyla arborea";"adult";0;0;0;35
"amfibieën";"Kamsalamander";"Boomkikker";"Hyla arborea";"larve";0;0;19;3209
"amfibieën";"Kamsalamander";"Boomkikker";"Hyla arborea";"metamorf";0;0;0;20
"amfibieën";"Kamsalamander";"Bruine kikker";"Rana temporaria";"adult";0;0;0;7
"amfibieën";"Kamsalamander";"Bruine kikker";"Rana temporaria";"juveniel";0;0;2;18
"amfibieën";"Kamsalamander";"Bruine kikker";"Rana temporaria";"larve";0;500;0;85
"amfibieën";"Kamsalamander";"Bruine kikker";"Rana temporaria";"metamorf";0;0;0;15
"amfibieën";"Kamsalamander";"Gewone pad";"Bufo bufo";"adult";0;9;0;8
"amfibieën";"Kamsalamander";"Gewone pad";"Bufo bufo";"juveniel";0;0;0;11
"amfibieën";"Kamsalamander";"Gewone pad";"Bufo bufo";"larve";0;2500;0;2264
"amfibieën";"Kamsalamander";"Kleine watersalamander";"Lissotriton vulgaris";"adult";0;305;927;277
"amfibieën";"Kamsalamander";"Kleine watersalamander";"Lissotriton vulgaris";"juveniel";0;0;18;0
"amfibieën";"Kamsalamander";"Kleine watersalamander";"Lissotriton vulgaris";"larve";0;57;333;629
"amfibieën";"Kamsalamander";"Kleine watersalamander";"Lissotriton vulgaris";"metamorf";0;0;0;0
"amfibieën";"Kamsalamander";"Meerkikker";"Pelophylax ridibundus";"larve";0;6;0;0
"amfibieën";"Kamsalamander";"Poelkikker";"Pelophylax lessonae";"adult";0;0;0;14
"amfibieën";"Kamsalamander";"Vinpootsalamander";"Lissotriton helveticus";"adult";0;36;161;69
"amfibieën";"Kamsalamander";"Vinpootsalamander";"Lissotriton helveticus";"juveniel";0;0;0;0
"amfibieën";"Kamsalamander";"Vinpootsalamander";"Lissotriton helveticus";"larve";0;0;0;0
"amfibieën";"Kamsalamander";NA;"Pelophylax esculenta synklepton";"adult";0;0;0;18
"amfibieën";"Kamsalamander";NA;"Pelophylax esculenta synklepton";"juveniel";0;0;0;1
"amfibieën";"Kamsalamander";NA;"Pelophylax esculenta synklepton";"larve";0;0;311;10
"amfibieën";"Kamsalamander";NA;"Pelophylax esculenta synklepton";"metamorf";0;0;0;0
"amfibieën";"Knoflookpad";"Alpenwatersalamander";"Ichthyosaura alpestris";"larve";0;0;0;72
"amfibieën";"Knoflookpad";"Boomkikker";"Hyla arborea";"adult";0;0;7;0
"amfibieën";"Knoflookpad";"Bruine kikker";"Rana temporaria";"adult";0;0;3;0
"amfibieën";"Knoflookpad";"Gewone pad";"Bufo bufo";"adult";0;0;1;0
"amfibieën";"Knoflookpad";"Gewone pad";"Bufo bufo";"larve";0;0;0;26
"amfibieën";"Knoflookpad";"Heikikker";"Rana arvalis";"adult";0;250;21;0
"amfibieën";"Knoflookpad";"Kamsalamander";"Triturus cristatus";"larve";0;0;0;5
"amfibieën";"Knoflookpad";"Kleine watersalamander";"Lissotriton vulgaris";"larve";0;0;0;23
"amfibieën";"Knoflookpad";"Poelkikker";"Pelophylax lessonae";"adult";0;0;50;0
"amfibieën";"Knoflookpad";"Rugstreeppad";"Bufo calamita";"adult";0;0;3;0
"amfibieën";"Rugstreeppad";"Boomkikker";"Hyla arborea";"adult";0;0;0;4
"amfibieën";"Rugstreeppad";"Bruine kikker";"Rana temporaria";"adult";0;0;2;7
"amfibieën";"Rugstreeppad";"Gewone pad";"Bufo bufo";"adult";0;0;1;28
"amfibieën";"Rugstreeppad";"Gewone pad";"Bufo bufo";"juveniel";0;0;0;2
"amfibieën";"Rugstreeppad";"Gewone pad";"Bufo bufo";"larve";0;0;0;3503
"amfibieën";"Rugstreeppad";"Heikikker";"Rana arvalis";"adult";0;0;0;47
"amfibieën";"Rugstreeppad";"Kleine water/Vinpootsalamander";"Lissotriton spec.";"adult";0;0;0;1
"amfibieën";"Rugstreeppad";"Kleine watersalamander";"Lissotriton vulgaris";"adult";0;0;0;1
"amfibieën";"Rugstreeppad";"Meerkikker";"Pelophylax ridibundus";"adult";0;0;2;0
"amfibieën";"Rugstreeppad";NA;"Pelophylax esculenta synklepton";"adult";0;0;7;3
"dagvlinders";"Aardbeivlinder";"Bont dikkopje";"Carterocephalus palaemon";"imago";0;0;2;1
"dagvlinders";"Aardbeivlinder";"Bont zandoogje";"Pararge aegeria";"imago";0;0;2;0
"dagvlinders";"Aardbeivlinder";"Boomblauwtje";"Celastrina argiolus";"imago";0;0;1;0
"dagvlinders";"Aardbeivlinder";"Citroenvlinder";"Gonepteryx rhamni";"imago";0;0;20;7
"dagvlinders";"Aardbeivlinder";"Groot koolwitje";"Pieris brassicae";"imago";0;0;2;0
"dagvlinders";"Aardbeivlinder";"Hooibeestje";"Coenonympha pamphilus";"imago";0;0;23;34
"dagvlinders";"Aardbeivlinder";"Icarusblauwtje";"Polyommatus icarus";"imago";0;0;1;4
"dagvlinders";"Aardbeivlinder";"Klein geaderd witje";"Pieris napi";"imago";0;0;5;1
"dagvlinders";"Aardbeivlinder";"Klein koolwitje";"Pieris rapae";"imago";0;0;2;0
"dagvlinders";"Aardbeivlinder";"Kleine vuurvlinder";"Lycaena phlaeas";"imago";0;0;5;4
"dagvlinders";"Aardbeivlinder";"Oranjetipje";"Anthocharis cardamines";"imago";0;0;1;0
"dagvlinders";"Argusvlinder";"Aardbeivlinder";"Pyrgus malvae";"imago";0;0;0;0
"dagvlinders";"Argusvlinder";"Atalanta";"Vanessa atalanta";"imago";230;47;11;110
"dagvlinders";"Argusvlinder";"Bont dikkopje";"Carterocephalus palaemon";"imago";0;0;0;0
"dagvlinders";"Argusvlinder";"Bont zandoogje";"Pararge aegeria";"imago";59;42;11;35
"dagvlinders";"Argusvlinder";"Boomblauwtje";"Celastrina argiolus";"imago";7;4;4;1
"dagvlinders";"Argusvlinder";"Bruin blauwtje";"Aricia agestis";"imago";73;64;115;184
"dagvlinders";"Argusvlinder";"Bruin dikkopje";"Erynnis tages";"imago";0;10;0;0
"dagvlinders";"Argusvlinder";"Bruin zandoogje";"Maniola jurtina";"imago";203;108;231;83
"dagvlinders";"Argusvlinder";"Citroenvlinder";"Gonepteryx rhamni";"imago";3;2;0;6
"dagvlinders";"Argusvlinder";"Dagpauwoog";"Aglais io";"imago";44;57;10;22
"dagvlinders";"Argusvlinder";"Distelvlinder";"Vanessa cardui";"imago";48;10;8;86
"dagvlinders";"Argusvlinder";"Geelsprietdikkopje";"Thymelicus sylvestris";"imago";0;1;0;0
"dagvlinders";"Argusvlinder";"Gehakkelde aurelia";"Polygonia c-album";"imago";4;2;4;2
"dagvlinders";"Argusvlinder";"Groot dikkopje";"Ochlodes sylvanus";"imago";1;4;14;0
"dagvlinders";"Argusvlinder";"Groot koolwitje";"Pieris brassicae";"imago";39;18;39;39
"dagvlinders";"Argusvlinder";"Heivlinder";"Hipparchia semele";"imago";0;0;11;0
"dagvlinders";"Argusvlinder";"Hooibeestje";"Coenonympha pamphilus";"imago";229;426;358;278
"dagvlinders";"Argusvlinder";"Icarusblauwtje";"Polyommatus icarus";"imago";209;509;404;155
"dagvlinders";"Argusvlinder";"Kaasjeskruiddikkopje";"Carcharodus alceae";"imago";0;2;0;0
"dagvlinders";"Argusvlinder";"Klaverblauwtje";"Cyaniris semiargus";"imago";0;6;0;0
"dagvlinders";"Argusvlinder";"Klein geaderd witje";"Pieris napi";"imago";120;88;76;38
"dagvlinders";"Argusvlinder";"Klein koolwitje";"Pieris rapae";"imago";267;125;171;364
"dagvlinders";"Argusvlinder";"Kleine parelmoervlinder";"Issoria lathonia";"imago";0;0;0;2
"dagvlinders";"Argusvlinder";"Kleine vos";"Aglais urticae";"imago";20;4;1;1
"dagvlinders";"Argusvlinder";"Kleine vuurvlinder";"Lycaena phlaeas";"imago";0;14;95;7
"dagvlinders";"Argusvlinder";"Koevinkje";"Aphantopus hyperantus";"imago";3;0;0;0
"dagvlinders";"Argusvlinder";"Kommavlinder";"Hesperia comma";"imago";0;0;0;2
"dagvlinders";"Argusvlinder";"Koninginnenpage";"Papilio machaon";"imago";1;2;3;8
"dagvlinders";"Argusvlinder";"Landkaartje";"Araschnia levana";"imago";27;12;7;3
"dagvlinders";"Argusvlinder";"Oranje luzernevlinder";"Colias croceus";"imago";2;3;3;38
"dagvlinders";"Argusvlinder";"Oranje zandoogje";"Pyronia tithonus";"imago";226;157;232;247
"dagvlinders";"Argusvlinder";"Zwartsprietdikkopje";"Thymelicus lineola";"imago";48;35;37;51
"dagvlinders";"Argusvlinder";NA;"Pieris spec.";"imago";0;0;92;4
"dagvlinders";"Bruin dikkopje";"Argusvlinder";"Lasiommata megera";"imago";0;0;1;0
"dagvlinders";"Bruin dikkopje";"Atalanta";"Vanessa atalanta";"imago";0;11;2;2
"dagvlinders";"Bruin dikkopje";"Bont zandoogje";"Pararge aegeria";"imago";0;34;5;1
"dagvlinders";"Bruin dikkopje";"Boomblauwtje";"Celastrina argiolus";"imago";0;20;5;3
"dagvlinders";"Bruin dikkopje";"Boswitje";"Leptidea sinapis";"imago";0;30;22;0
"dagvlinders";"Bruin dikkopje";"Bruin blauwtje";"Aricia agestis";"imago";0;21;10;35
"dagvlinders";"Bruin dikkopje";"Bruin zandoogje";"Maniola jurtina";"imago";0;66;26;15
"dagvlinders";"Bruin dikkopje";"Citroenvlinder";"Gonepteryx rhamni";"imago";0;37;11;7
"dagvlinders";"Bruin dikkopje";"Dagpauwoog";"Aglais io";"imago";0;46;18;8
"dagvlinders";"Bruin dikkopje";"Distelvlinder";"Vanessa cardui";"imago";0;2;2;4
"dagvlinders";"Bruin dikkopje";"Dwergblauwtje";"Cupido minimus";"imago";0;90;44;63
"dagvlinders";"Bruin dikkopje";"Geelsprietdikkopje";"Thymelicus sylvestris";"imago";0;4;0;0
"dagvlinders";"Bruin dikkopje";"Gehakkelde aurelia";"Polygonia c-album";"imago";0;12;4;0
"dagvlinders";"Bruin dikkopje";"Groot dikkopje";"Ochlodes sylvanus";"imago";0;0;1;0
"dagvlinders";"Bruin dikkopje";"Groot koolwitje";"Pieris brassicae";"imago";0;22;21;13
"dagvlinders";"Bruin dikkopje";"Hooibeestje";"Coenonympha pamphilus";"imago";0;62;44;20
"dagvlinders";"Bruin dikkopje";"Icarusblauwtje";"Polyommatus icarus";"imago";0;312;143;123
"dagvlinders";"Bruin dikkopje";"Kaasjeskruiddikkopje";"Carcharodus alceae";"imago";0;1;6;4
"dagvlinders";"Bruin dikkopje";"Klaverblauwtje";"Cyaniris semiargus";"imago";0;23;15;0
"dagvlinders";"Bruin dikkopje";"Klein geaderd witje";"Pieris napi";"imago";0;16;4;4
"dagvlinders";"Bruin dikkopje";"Klein koolwitje";"Pieris rapae";"imago";0;71;44;15
"dagvlinders";"Bruin dikkopje";"Kleine vos";"Aglais urticae";"imago";0;4;1;0
"dagvlinders";"Bruin dikkopje";"Kleine vuurvlinder";"Lycaena phlaeas";"imago";0;11;2;4
"dagvlinders";"Bruin dikkopje";"Koevinkje";"Aphantopus hyperantus";"imago";0;22;0;0
"dagvlinders";"Bruin dikkopje";"Koninginnenpage";"Papilio machaon";"imago";0;5;9;1
"dagvlinders";"Bruin dikkopje";"Landkaartje";"Araschnia levana";"imago";0;9;3;1
"dagvlinders";"Bruin dikkopje";"Oranje luzernevlinder";"Colias croceus";"imago";0;9;0;23
"dagvlinders";"Bruin dikkopje";"Oranje zandoogje";"Pyronia tithonus";"imago";0;22;12;9
"dagvlinders";"Bruin dikkopje";"Oranjetipje";"Anthocharis cardamines";"imago";0;13;5;2
"dagvlinders";"Bruin dikkopje";"Zwartsprietdikkopje";"Thymelicus lineola";"imago";0;9;7;3
"dagvlinders";"Bruine eikenpage";"Atalanta";"Vanessa atalanta";"imago";0;0;20;46
"dagvlinders";"Bruine eikenpage";"Bont zandoogje";"Pararge aegeria";"imago";0;0;48;14
"dagvlinders";"Bruine eikenpage";"Boomblauwtje";"Celastrina argiolus";"imago";0;0;76;2
"dagvlinders";"Bruine eikenpage";"Bruin zandoogje";"Maniola jurtina";"imago";0;0;117;214
"dagvlinders";"Bruine eikenpage";"Citroenvlinder";"Gonepteryx rhamni";"imago";0;0;53;26
"dagvlinders";"Bruine eikenpage";"Dagpauwoog";"Aglais io";"imago";0;0;9;3
"dagvlinders";"Bruine eikenpage";"Distelvlinder";"Vanessa cardui";"imago";0;0;11;55
"dagvlinders";"Bruine eikenpage";"Eikenpage";"Favonius quercus";"imago";0;0;64;26
"dagvlinders";"Bruine eikenpage";"Gehakkelde aurelia";"Polygonia c-album";"imago";0;0;33;22
"dagvlinders";"Bruine eikenpage";"Groot dikkopje";"Ochlodes sylvanus";"imago";0;0;139;49
"dagvlinders";"Bruine eikenpage";"Groot koolwitje";"Pieris brassicae";"imago";0;0;24;15
"dagvlinders";"Bruine eikenpage";"Heideblauwtje";"Plebejus argus";"imago";0;0;2;0
"dagvlinders";"Bruine eikenpage";"Hooibeestje";"Coenonympha pamphilus";"imago";0;0;23;9
"dagvlinders";"Bruine eikenpage";"Icarusblauwtje";"Polyommatus icarus";"imago";0;0;10;0
"dagvlinders";"Bruine eikenpage";"Keizersmantel";"Argynnis paphia";"imago";0;0;0;2
"dagvlinders";"Bruine eikenpage";"Klein geaderd witje";"Pieris napi";"imago";0;0;40;23
"dagvlinders";"Bruine eikenpage";"Klein koolwitje";"Pieris rapae";"imago";0;0;35;60
"dagvlinders";"Bruine eikenpage";"Kleine ijsvogelvlinder";"Limenitis camilla";"imago";0;0;5;0
"dagvlinders";"Bruine eikenpage";"Kleine parelmoervlinder";"Issoria lathonia";"imago";0;0;8;45
"dagvlinders";"Bruine eikenpage";"Kleine vuurvlinder";"Lycaena phlaeas";"imago";0;0;9;16
"dagvlinders";"Bruine eikenpage";"Koevinkje";"Aphantopus hyperantus";"imago";0;0;75;7
"dagvlinders";"Bruine eikenpage";"Koninginnenpage";"Papilio machaon";"imago";0;0;0;4
"dagvlinders";"Bruine eikenpage";"Landkaartje";"Araschnia levana";"imago";0;0;27;7
"dagvlinders";"Bruine eikenpage";"Oranje zandoogje";"Pyronia tithonus";"imago";0;0;29;40
"dagvlinders";"Grote weerschijnvlinder";"Atalanta";"Vanessa atalanta";"imago";0;0;8;25
"dagvlinders";"Grote weerschijnvlinder";"Bont zandoogje";"Pararge aegeria";"imago";0;0;15;39
"dagvlinders";"Grote weerschijnvlinder";"Boomblauwtje";"Celastrina argiolus";"imago";0;0;10;1
"dagvlinders";"Grote weerschijnvlinder";"Boswitje";"Leptidea sinapis";"imago";0;0;0;0
"dagvlinders";"Grote weerschijnvlinder";"Bruin blauwtje";"Aricia agestis";"imago";0;0;2;3
"dagvlinders";"Grote weerschijnvlinder";"Bruin zandoogje";"Maniola jurtina";"imago";0;0;310;320
"dagvlinders";"Grote weerschijnvlinder";"Citroenvlinder";"Gonepteryx rhamni";"imago";0;0;12;18
"dagvlinders";"Grote weerschijnvlinder";"Dagpauwoog";"Aglais io";"imago";0;0;14;18
"dagvlinders";"Grote weerschijnvlinder";"Distelvlinder";"Vanessa cardui";"imago";0;0;0;8
"dagvlinders";"Grote weerschijnvlinder";"Eikenpage";"Favonius quercus";"imago";0;0;0;1
"dagvlinders";"Grote weerschijnvlinder";"Gehakkelde aurelia";"Polygonia c-album";"imago";0;0;19;17
"dagvlinders";"Grote weerschijnvlinder";"Groot dikkopje";"Ochlodes sylvanus";"imago";0;0;4;17
"dagvlinders";"Grote weerschijnvlinder";"Groot koolwitje";"Pieris brassicae";"imago";0;0;18;44
"dagvlinders";"Grote weerschijnvlinder";"Grote vos";"Nymphalis polychloros";"imago";0;0;0;0
"dagvlinders";"Grote weerschijnvlinder";"Hooibeestje";"Coenonympha pamphilus";"imago";0;0;0;10
"dagvlinders";"Grote weerschijnvlinder";"Icarusblauwtje";"Polyommatus icarus";"imago";0;0;7;0
"dagvlinders";"Grote weerschijnvlinder";"Iepenpage";"Satyrium w-album";"imago";0;0;2;0
"dagvlinders";"Grote weerschijnvlinder";"Keizersmantel";"Argynnis paphia";"imago";0;0;22;11
"dagvlinders";"Grote weerschijnvlinder";"Klein geaderd witje";"Pieris napi";"imago";0;0;28;8
"dagvlinders";"Grote weerschijnvlinder";"Klein koolwitje";"Pieris rapae";"imago";0;0;0;25
"dagvlinders";"Grote weerschijnvlinder";"Kleine ijsvogelvlinder";"Limenitis camilla";"imago";0;0;15;6
"dagvlinders";"Grote weerschijnvlinder";"Kleine parelmoervlinder";"Issoria lathonia";"imago";0;0;0;2
"dagvlinders";"Grote weerschijnvlinder";"Kleine vuurvlinder";"Lycaena phlaeas";"imago";0;0;0;5
"dagvlinders";"Grote weerschijnvlinder";"Koevinkje";"Aphantopus hyperantus";"imago";0;0;0;51
"dagvlinders";"Grote weerschijnvlinder";"Koninginnenpage";"Papilio machaon";"imago";0;0;6;0
"dagvlinders";"Grote weerschijnvlinder";"Landkaartje";"Araschnia levana";"imago";0;0;11;13
"dagvlinders";"Grote weerschijnvlinder";"Oranje zandoogje";"Pyronia tithonus";"imago";0;0;48;282
"dagvlinders";"Grote weerschijnvlinder";"Zwartsprietdikkopje";"Thymelicus lineola";"imago";0;0;0;4
"dagvlinders";"Grote weerschijnvlinder";NA;"Pieris spec.";"imago";0;0;0;19
"dagvlinders";"Heivlinder";"Atalanta";"Vanessa atalanta";"imago";12;0;4;27
"dagvlinders";"Heivlinder";"Bont zandoogje";"Pararge aegeria";"imago";21;0;3;1
"dagvlinders";"Heivlinder";"Boomblauwtje";"Celastrina argiolus";"imago";26;4;5;3
"dagvlinders";"Heivlinder";"Boswitje";"Leptidea sinapis";"imago";1;0;1;0
"dagvlinders";"Heivlinder";"Bruin blauwtje";"Aricia agestis";"imago";0;0;5;0
"dagvlinders";"Heivlinder";"Bruin zandoogje";"Maniola jurtina";"imago";9;8;32;0
"dagvlinders";"Heivlinder";"Citroenvlinder";"Gonepteryx rhamni";"imago";24;1;1;4
"dagvlinders";"Heivlinder";"Dagpauwoog";"Aglais io";"imago";5;0;0;0
"dagvlinders";"Heivlinder";"Distelvlinder";"Vanessa cardui";"imago";30;0;3;93
"dagvlinders";"Heivlinder";"Eikenpage";"Favonius quercus";"imago";0;1;0;0
"dagvlinders";"Heivlinder";"Gele luzernevlinder";"Colias hyale";"imago";0;0;0;1
"dagvlinders";"Heivlinder";"Gentiaanblauwtje";"Phengaris alcon";"imago";0;0;0;2
"dagvlinders";"Heivlinder";"Groot dikkopje";"Ochlodes sylvanus";"imago";2;0;0;0
"dagvlinders";"Heivlinder";"Groot koolwitje";"Pieris brassicae";"imago";0;1;23;4
"dagvlinders";"Heivlinder";"Heideblauwtje";"Plebejus argus";"imago";10;0;0;0
"dagvlinders";"Heivlinder";"Hooibeestje";"Coenonympha pamphilus";"imago";72;97;27;43
"dagvlinders";"Heivlinder";"Icarusblauwtje";"Polyommatus icarus";"imago";14;0;34;3
"dagvlinders";"Heivlinder";"Klein geaderd witje";"Pieris napi";"imago";3;0;0;1
"dagvlinders";"Heivlinder";"Klein koolwitje";"Pieris rapae";"imago";11;0;28;9
"dagvlinders";"Heivlinder";"Kleine parelmoervlinder";"Issoria lathonia";"imago";1;0;8;8
"dagvlinders";"Heivlinder";"Kleine vos";"Aglais urticae";"imago";3;0;0;0
"dagvlinders";"Heivlinder";"Kleine vuurvlinder";"Lycaena phlaeas";"imago";12;19;1;17
"dagvlinders";"Heivlinder";"Koevinkje";"Aphantopus hyperantus";"imago";2;0;0;0
"dagvlinders";"Heivlinder";"Kommavlinder";"Hesperia comma";"imago";1;0;0;0
"dagvlinders";"Heivlinder";"Koninginnenpage";"Papilio machaon";"imago";16;0;8;0
"dagvlinders";"Heivlinder";"Oranje zandoogje";"Pyronia tithonus";"imago";359;101;35;139
"dagvlinders";"Heivlinder";NA;"Pieris spec.";"imago";0;0;20;0
"dagvlinders";"Klaverblauwtje";"Atalanta";"Vanessa atalanta";"imago";0;0;4;1
"dagvlinders";"Klaverblauwtje";"Bont zandoogje";"Pararge aegeria";"imago";0;5;3;1
"dagvlinders";"Klaverblauwtje";"Boomblauwtje";"Celastrina argiolus";"imago";0;4;3;1
"dagvlinders";"Klaverblauwtje";"Boswitje";"Leptidea sinapis";"imago";0;5;21;0
"dagvlinders";"Klaverblauwtje";"Bruin blauwtje";"Aricia agestis";"imago";0;4;5;6
"dagvlinders";"Klaverblauwtje";"Bruin dikkopje";"Erynnis tages";"imago";0;7;44;29
"dagvlinders";"Klaverblauwtje";"Bruin zandoogje";"Maniola jurtina";"imago";0;9;25;20
"dagvlinders";"Klaverblauwtje";"Citroenvlinder";"Gonepteryx rhamni";"imago";0;4;9;4
"dagvlinders";"Klaverblauwtje";"Dagpauwoog";"Aglais io";"imago";0;5;17;3
"dagvlinders";"Klaverblauwtje";"Distelvlinder";"Vanessa cardui";"imago";0;3;0;2
"dagvlinders";"Klaverblauwtje";"Gehakkelde aurelia";"Polygonia c-album";"imago";0;0;2;1
"dagvlinders";"Klaverblauwtje";"Groot koolwitje";"Pieris brassicae";"imago";0;3;16;1
"dagvlinders";"Klaverblauwtje";"Hooibeestje";"Coenonympha pamphilus";"imago";0;6;26;33
"dagvlinders";"Klaverblauwtje";"Icarusblauwtje";"Polyommatus icarus";"imago";0;20;58;27
"dagvlinders";"Klaverblauwtje";"Kaasjeskruiddikkopje";"Carcharodus alceae";"imago";0;0;2;0
"dagvlinders";"Klaverblauwtje";"Klein geaderd witje";"Pieris napi";"imago";0;0;4;1
"dagvlinders";"Klaverblauwtje";"Klein koolwitje";"Pieris rapae";"imago";0;6;31;9
"dagvlinders";"Klaverblauwtje";"Kleine vos";"Aglais urticae";"imago";0;1;1;0
"dagvlinders";"Klaverblauwtje";"Kleine vuurvlinder";"Lycaena phlaeas";"imago";0;3;2;3
"dagvlinders";"Klaverblauwtje";"Koninginnenpage";"Papilio machaon";"imago";0;2;6;2
"dagvlinders";"Klaverblauwtje";"Landkaartje";"Araschnia levana";"imago";0;0;2;0
"dagvlinders";"Klaverblauwtje";"Oranje luzernevlinder";"Colias croceus";"imago";0;0;0;1
"dagvlinders";"Klaverblauwtje";"Oranje zandoogje";"Pyronia tithonus";"imago";0;2;14;19
"dagvlinders";"Klaverblauwtje";"Oranjetipje";"Anthocharis cardamines";"imago";0;0;5;2
"dagvlinders";"Klaverblauwtje";"Zwartsprietdikkopje";"Thymelicus lineola";"imago";0;0;6;6
"dagvlinders";"Kommavlinder";"Atalanta";"Vanessa atalanta";"imago";15;3;0;15
"dagvlinders";"Kommavlinder";"Bont zandoogje";"Pararge aegeria";"imago";2;11;3;0
"dagvlinders";"Kommavlinder";"Boomblauwtje";"Celastrina argiolus";"imago";8;5;7;0
"dagvlinders";"Kommavlinder";"Bruin blauwtje";"Aricia agestis";"imago";2;7;7;5
"dagvlinders";"Kommavlinder";"Bruin zandoogje";"Maniola jurtina";"imago";271;155;12;12
"dagvlinders";"Kommavlinder";"Citroenvlinder";"Gonepteryx rhamni";"imago";30;32;13;4
"dagvlinders";"Kommavlinder";"Dagpauwoog";"Aglais io";"imago";1;3;3;1
"dagvlinders";"Kommavlinder";"Distelvlinder";"Vanessa cardui";"imago";8;0;0;84
"dagvlinders";"Kommavlinder";"Geelsprietdikkopje";"Thymelicus sylvestris";"imago";1;0;0;0
"dagvlinders";"Kommavlinder";"Gehakkelde aurelia";"Polygonia c-album";"imago";0;2;3;2
"dagvlinders";"Kommavlinder";"Gele luzernevlinder";"Colias hyale";"imago";0;1;0;0
"dagvlinders";"Kommavlinder";"Groot koolwitje";"Pieris brassicae";"imago";3;1;11;6
"dagvlinders";"Kommavlinder";"Heideblauwtje";"Plebejus argus";"imago";4;15;3;1
"dagvlinders";"Kommavlinder";"Heivlinder";"Hipparchia semele";"imago";82;38;2;5
"dagvlinders";"Kommavlinder";"Hooibeestje";"Coenonympha pamphilus";"imago";460;481;49;208
"dagvlinders";"Kommavlinder";"Icarusblauwtje";"Polyommatus icarus";"imago";196;23;33;54
"dagvlinders";"Kommavlinder";"Keizersmantel";"Argynnis paphia";"imago";0;0;0;5
"dagvlinders";"Kommavlinder";"Klein geaderd witje";"Pieris napi";"imago";2;1;1;0
"dagvlinders";"Kommavlinder";"Klein koolwitje";"Pieris rapae";"imago";13;21;16;25
"dagvlinders";"Kommavlinder";"Kleine parelmoervlinder";"Issoria lathonia";"imago";25;24;8;71
"dagvlinders";"Kommavlinder";"Kleine vuurvlinder";"Lycaena phlaeas";"imago";24;81;9;57
"dagvlinders";"Kommavlinder";"Koninginnenpage";"Papilio machaon";"imago";0;0;10;0
"dagvlinders";"Kommavlinder";"Landkaartje";"Araschnia levana";"imago";0;1;1;0
"dagvlinders";"Kommavlinder";"Oranje luzernevlinder";"Colias croceus";"imago";0;0;0;2
"dagvlinders";"Kommavlinder";"Oranje zandoogje";"Pyronia tithonus";"imago";189;148;26;16
"dagvlinders";"Kommavlinder";"Zwartsprietdikkopje";"Thymelicus lineola";"imago";0;2;0;0
"dagvlinders";"Oranje zandoogje";"Argusvlinder";"Lasiommata megera";"imago";0;0;1;0
"dagvlinders";"Oranje zandoogje";"Atalanta";"Vanessa atalanta";"imago";0;23;16;79
"dagvlinders";"Oranje zandoogje";"Bont zandoogje";"Pararge aegeria";"imago";0;63;57;41
"dagvlinders";"Oranje zandoogje";"Boomblauwtje";"Celastrina argiolus";"imago";0;12;8;4
"dagvlinders";"Oranje zandoogje";"Bruin blauwtje";"Aricia agestis";"imago";0;3;73;6
"dagvlinders";"Oranje zandoogje";"Bruin zandoogje";"Maniola jurtina";"imago";0;298;627;556
"dagvlinders";"Oranje zandoogje";"Citroenvlinder";"Gonepteryx rhamni";"imago";0;36;57;27
"dagvlinders";"Oranje zandoogje";"Dagpauwoog";"Aglais io";"imago";0;16;14;15
"dagvlinders";"Oranje zandoogje";"Distelvlinder";"Vanessa cardui";"imago";0;2;3;169
"dagvlinders";"Oranje zandoogje";"Eikenpage";"Favonius quercus";"imago";0;1;4;0
"dagvlinders";"Oranje zandoogje";"Gehakkelde aurelia";"Polygonia c-album";"imago";0;27;0;12
"dagvlinders";"Oranje zandoogje";"Groot dikkopje";"Ochlodes sylvanus";"imago";0;1;30;25
"dagvlinders";"Oranje zandoogje";"Groot koolwitje";"Pieris brassicae";"imago";0;9;31;23
"dagvlinders";"Oranje zandoogje";"Heideblauwtje";"Plebejus argus";"imago";0;0;0;1
"dagvlinders";"Oranje zandoogje";"Heivlinder";"Hipparchia semele";"imago";0;0;1;0
"dagvlinders";"Oranje zandoogje";"Hooibeestje";"Coenonympha pamphilus";"imago";0;8;59;10
"dagvlinders";"Oranje zandoogje";"Icarusblauwtje";"Polyommatus icarus";"imago";0;55;207;9
"dagvlinders";"Oranje zandoogje";"Keizersmantel";"Argynnis paphia";"imago";0;0;0;1
"dagvlinders";"Oranje zandoogje";"Klein geaderd witje";"Pieris napi";"imago";0;16;34;21
"dagvlinders";"Oranje zandoogje";"Klein koolwitje";"Pieris rapae";"imago";0;30;113;44
"dagvlinders";"Oranje zandoogje";"Kleine parelmoervlinder";"Issoria lathonia";"imago";0;0;0;10
"dagvlinders";"Oranje zandoogje";"Kleine vos";"Aglais urticae";"imago";0;2;1;0
"dagvlinders";"Oranje zandoogje";"Kleine vuurvlinder";"Lycaena phlaeas";"imago";0;7;58;32
"dagvlinders";"Oranje zandoogje";"Koevinkje";"Aphantopus hyperantus";"imago";0;1;0;0
"dagvlinders";"Oranje zandoogje";"Kommavlinder";"Hesperia comma";"imago";0;0;1;0
"dagvlinders";"Oranje zandoogje";"Koninginnenpage";"Papilio machaon";"imago";0;0;0;1
"dagvlinders";"Oranje zandoogje";"Landkaartje";"Araschnia levana";"imago";0;84;25;12
"dagvlinders";"Oranje zandoogje";"Oranje luzernevlinder";"Colias croceus";"imago";0;0;0;4
"dagvlinders";"Oranje zandoogje";"Zwartsprietdikkopje";"Thymelicus lineola";"imago";0;5;52;25
"dagvlinders";"Oranje zandoogje";NA;"Pieris spec.";"imago";0;0;1;0
"dagvlinders";"Veldparelmoervlinder";"Argusvlinder";"Lasiommata megera";"imago";0;0;1;0
"dagvlinders";"Veldparelmoervlinder";"Atalanta";"Vanessa atalanta";"imago";0;1;0;0
"dagvlinders";"Veldparelmoervlinder";"Bont dikkopje";"Carterocephalus palaemon";"imago";0;3;0;0
"dagvlinders";"Veldparelmoervlinder";"Bont zandoogje";"Pararge aegeria";"imago";2;7;2;0
"dagvlinders";"Veldparelmoervlinder";"Boomblauwtje";"Celastrina argiolus";"imago";0;0;4;0
"dagvlinders";"Veldparelmoervlinder";"Boswitje";"Leptidea sinapis";"imago";36;0;12;1
"dagvlinders";"Veldparelmoervlinder";"Bruin blauwtje";"Aricia agestis";"imago";0;0;0;1
"dagvlinders";"Veldparelmoervlinder";"Bruin dikkopje";"Erynnis tages";"imago";0;3;2;0
"dagvlinders";"Veldparelmoervlinder";"Bruin zandoogje";"Maniola jurtina";"imago";3;16;3;2
"dagvlinders";"Veldparelmoervlinder";"Citroenvlinder";"Gonepteryx rhamni";"imago";8;18;19;1
"dagvlinders";"Veldparelmoervlinder";"Dagpauwoog";"Aglais io";"imago";0;10;1;0
"dagvlinders";"Veldparelmoervlinder";"Distelvlinder";"Vanessa cardui";"imago";0;4;0;2
"dagvlinders";"Veldparelmoervlinder";"Gehakkelde aurelia";"Polygonia c-album";"imago";0;0;1;0
"dagvlinders";"Veldparelmoervlinder";"Groentje";"Callophrys rubi";"imago";3;1;0;0
"dagvlinders";"Veldparelmoervlinder";"Groot dikkopje";"Ochlodes sylvanus";"imago";0;0;2;0
"dagvlinders";"Veldparelmoervlinder";"Groot koolwitje";"Pieris brassicae";"imago";0;0;2;0
"dagvlinders";"Veldparelmoervlinder";"Heideblauwtje";"Plebejus argus";"imago";4;0;0;0
"dagvlinders";"Veldparelmoervlinder";"Hooibeestje";"Coenonympha pamphilus";"imago";62;44;27;7
"dagvlinders";"Veldparelmoervlinder";"Icarusblauwtje";"Polyommatus icarus";"imago";14;60;45;6
"dagvlinders";"Veldparelmoervlinder";"Klein geaderd witje";"Pieris napi";"imago";0;4;1;0
"dagvlinders";"Veldparelmoervlinder";"Klein koolwitje";"Pieris rapae";"imago";1;3;5;4
"dagvlinders";"Veldparelmoervlinder";"Kleine parelmoervlinder";"Issoria lathonia";"imago";0;0;1;1
"dagvlinders";"Veldparelmoervlinder";"Kleine vuurvlinder";"Lycaena phlaeas";"imago";1;2;3;1
"dagvlinders";"Veldparelmoervlinder";"Koninginnenpage";"Papilio machaon";"imago";0;1;5;0
"dagvlinders";"Veldparelmoervlinder";"Landkaartje";"Araschnia levana";"imago";0;8;4;0
"dagvlinders";"Veldparelmoervlinder";"Oranjetipje";"Anthocharis cardamines";"imago";2;1;0;0
"libellen";"Beekrombout";"Bruine korenbout";"Libellula fulva";"larvenhuidje";0;0;0;1
"libellen";"Beekrombout";"Glassnijder";"Brachytron pratense";"larvenhuidje";0;0;0;4
"libellen";"Beekrombout";"Metaalglanslibel";"Somatochlora metallica";"larvenhuidje";0;0;0;5
"libellen";"Bosbeekjuffer";"Azuurwaterjuffer";"Coenagrion puella";"adult";0;0;17;4
"libellen";"Bosbeekjuffer";"Azuurwaterjuffer";"Coenagrion puella";"imago (niet uitgekleurd)";0;0;0;0
"libellen";"Bosbeekjuffer";"Azuurwaterjuffer";"Coenagrion puella";"larvenhuidje";0;0;0;0
"libellen";"Bosbeekjuffer";"Beekoeverlibel";"Orthetrum coerulescens";"adult";0;0;0;2
"libellen";"Bosbeekjuffer";"Beekoeverlibel";"Orthetrum coerulescens";"imago (niet uitgekleurd)";0;0;0;0
"libellen";"Bosbeekjuffer";"Beekoeverlibel";"Orthetrum coerulescens";"larvenhuidje";0;0;0;0
"libellen";"Bosbeekjuffer";"Bloedrode heidelibel";"Sympetrum sanguineum";"adult";0;0;1;7
"libellen";"Bosbeekjuffer";"Bloedrode heidelibel";"Sympetrum sanguineum";"imago (niet uitgekleurd)";0;0;0;0
"libellen";"Bosbeekjuffer";"Bloedrode heidelibel";"Sympetrum sanguineum";"larvenhuidje";0;0;0;0
"libellen";"Bosbeekjuffer";"Breedscheenjuffer";"Platycnemis pennipes";"adult";0;0;2;14
"libellen";"Bosbeekjuffer";"Breedscheenjuffer";"Platycnemis pennipes";"imago (niet uitgekleurd)";0;0;0;0
"libellen";"Bosbeekjuffer";"Breedscheenjuffer";"Platycnemis pennipes";"larvenhuidje";0;0;0;0
"libellen";"Bosbeekjuffer";"Bruine korenbout";"Libellula fulva";"adult";0;0;0;12
"libellen";"Bosbeekjuffer";"Bruine korenbout";"Libellula fulva";"imago (niet uitgekleurd)";0;0;0;0
"libellen";"Bosbeekjuffer";"Bruine korenbout";"Libellula fulva";"larvenhuidje";0;0;0;0
"libellen";"Bosbeekjuffer";"Bruinrode heidelibel";"Sympetrum striolatum";"adult";0;0;1;0
"libellen";"Bosbeekjuffer";"Bruinrode heidelibel";"Sympetrum striolatum";"imago (niet uitgekleurd)";0;0;0;0
"libellen";"Bosbeekjuffer";"Bruinrode heidelibel";"Sympetrum striolatum";"larvenhuidje";0;0;0;0
"libellen";"Bosbeekjuffer";"Gewone bronlibel";"Cordulegaster boltonii";"adult";0;0;0;5
"libellen";"Bosbeekjuffer";"Gewone bronlibel";"Cordulegaster boltonii";"imago (niet uitgekleurd)";0;0;0;0
"libellen";"Bosbeekjuffer";"Gewone bronlibel";"Cordulegaster boltonii";"larvenhuidje";0;0;0;1
"libellen";"Bosbeekjuffer";"Gewone oeverlibel";"Orthetrum cancellatum";"adult";0;0;9;3
"libellen";"Bosbeekjuffer";"Gewone oeverlibel";"Orthetrum cancellatum";"imago (niet uitgekleurd)";0;0;0;0
"libellen";"Bosbeekjuffer";"Gewone oeverlibel";"Orthetrum cancellatum";"larvenhuidje";0;0;0;0
"libellen";"Bosbeekjuffer";"Gewone pantserjuffer";"Lestes sponsa";"adult";0;0;1;0
"libellen";"Bosbeekjuffer";"Grote keizerlibel";"Anax imperator";"adult";0;0;2;1
"libellen";"Bosbeekjuffer";"Grote keizerlibel";"Anax imperator";"imago (niet uitgekleurd)";0;0;0;0
"libellen";"Bosbeekjuffer";"Grote keizerlibel";"Anax imperator";"larvenhuidje";0;0;0;0
"libellen";"Bosbeekjuffer";"Lantaarntje";"Ischnura elegans";"adult";0;0;15;0
"libellen";"Bosbeekjuffer";"Metaalglanslibel";"Somatochlora metallica";"adult";0;0;3;1
"libellen";"Bosbeekjuffer";"Metaalglanslibel";"Somatochlora metallica";"imago (niet uitgekleurd)";0;0;0;0
"libellen";"Bosbeekjuffer";"Metaalglanslibel";"Somatochlora metallica";"larvenhuidje";0;0;0;0
"libellen";"Bosbeekjuffer";"Platbuik";"Libellula depressa";"adult";0;0;2;0
"libellen";"Bosbeekjuffer";"Variabele waterjuffer";"Coenagrion pulchellum";"adult";0;0;15;0
"libellen";"Bosbeekjuffer";"Viervlek";"Libellula quadrimaculata";"adult";0;0;2;0
"libellen";"Bosbeekjuffer";"Vroege glazenmaker";"Aeshna isoceles";"adult";0;0;2;0
"libellen";"Bosbeekjuffer";"Vuurjuffer";"Pyrrhosoma nymphula";"adult";0;0;10;3
"libellen";"Bosbeekjuffer";"Vuurjuffer";"Pyrrhosoma nymphula";"imago (niet uitgekleurd)";0;0;0;0
"libellen";"Bosbeekjuffer";"Vuurjuffer";"Pyrrhosoma nymphula";"larvenhuidje";0;0;0;0
"libellen";"Bosbeekjuffer";"Weidebeekjuffer";"Calopteryx splendens";"adult";0;0;442;22
"libellen";"Bosbeekjuffer";"Weidebeekjuffer";"Calopteryx splendens";"imago (niet uitgekleurd)";0;0;0;0
"libellen";"Bosbeekjuffer";"Weidebeekjuffer";"Calopteryx splendens";"larvenhuidje";0;0;0;0
"libellen";"Gevlekte witsnuitlibel";"Azuurwaterjuffer";"Coenagrion puella";"imago";807;1383;586;384
"libellen";"Gevlekte witsnuitlibel";"Azuurwaterjuffer";"Coenagrion puella";"imago (niet uitgekleurd)";0;0;0;0
"libellen";"Gevlekte witsnuitlibel";"Azuurwaterjuffer";"Coenagrion puella";"larvenhuidje";0;0;0;0
"libellen";"Gevlekte witsnuitlibel";"Beekoeverlibel";"Orthetrum coerulescens";"imago";23;66;8;22
"libellen";"Gevlekte witsnuitlibel";"Beekoeverlibel";"Orthetrum coerulescens";"imago (niet uitgekleurd)";1;2;0;0
"libellen";"Gevlekte witsnuitlibel";"Beekoeverlibel";"Orthetrum coerulescens";"larvenhuidje";0;0;0;0
"libellen";"Gevlekte witsnuitlibel";"Blauwe glazenmaker";"Aeshna cyanea";"imago";0;1;3;0
"libellen";"Gevlekte witsnuitlibel";"Blauwe glazenmaker";"Aeshna cyanea";"imago (niet uitgekleurd)";0;0;0;0
"libellen";"Gevlekte witsnuitlibel";"Blauwe glazenmaker";"Aeshna cyanea";"larvenhuidje";0;0;0;0
"libellen";"Gevlekte witsnuitlibel";"Bloedrode heidelibel";"Sympetrum sanguineum";"imago";165;11;162;83
"libellen";"Gevlekte witsnuitlibel";"Bloedrode heidelibel";"Sympetrum sanguineum";"imago (niet uitgekleurd)";0;0;0;5
"libellen";"Gevlekte witsnuitlibel";"Bloedrode heidelibel";"Sympetrum sanguineum";"larvenhuidje";0;0;0;0
"libellen";"Gevlekte witsnuitlibel";"Breedscheenjuffer";"Platycnemis pennipes";"imago";13;14;16;75
"libellen";"Gevlekte witsnuitlibel";"Breedscheenjuffer";"Platycnemis pennipes";"imago (niet uitgekleurd)";0;0;0;0
"libellen";"Gevlekte witsnuitlibel";"Breedscheenjuffer";"Platycnemis pennipes";"larvenhuidje";0;0;0;0
"libellen";"Gevlekte witsnuitlibel";"Bruine glazenmaker";"Aeshna grandis";"imago";1;0;0;0
"libellen";"Gevlekte witsnuitlibel";"Bruine korenbout";"Libellula fulva";"imago";0;3;0;0
"libellen";"Gevlekte witsnuitlibel";"Bruine winterjuffer";"Sympecma fusca";"imago";2;50;0;3
"libellen";"Gevlekte witsnuitlibel";"Bruine winterjuffer";"Sympecma fusca";"imago (niet uitgekleurd)";0;0;0;0
"libellen";"Gevlekte witsnuitlibel";"Bruine winterjuffer";"Sympecma fusca";"larvenhuidje";0;0;0;0
"libellen";"Gevlekte witsnuitlibel";"Bruinrode heidelibel";"Sympetrum striolatum";"imago";83;3;0;18
"libellen";"Gevlekte witsnuitlibel";"Bruinrode heidelibel";"Sympetrum striolatum";"imago (niet uitgekleurd)";0;0;0;0
"libellen";"Gevlekte witsnuitlibel";"Bruinrode heidelibel";"Sympetrum striolatum";"larvenhuidje";0;0;0;0
"libellen";"Gevlekte witsnuitlibel";"Gaffelwaterjuffer";"Coenagrion scitulum";"imago";0;1;8;17
"libellen";"Gevlekte witsnuitlibel";"Gaffelwaterjuffer";"Coenagrion scitulum";"imago (niet uitgekleurd)";0;0;0;0
"libellen";"Gevlekte witsnuitlibel";"Gaffelwaterjuffer";"Coenagrion scitulum";"larvenhuidje";0;0;0;0
"libellen";"Gevlekte witsnuitlibel";"Gevlekte glanslibel";"Somatochlora flavomaculata";"imago";0;7;10;1
"libellen";"Gevlekte witsnuitlibel";"Gevlekte glanslibel";"Somatochlora flavomaculata";"imago (niet uitgekleurd)";0;0;0;0
"libellen";"Gevlekte witsnuitlibel";"Gevlekte glanslibel";"Somatochlora flavomaculata";"larvenhuidje";0;0;0;0
"libellen";"Gevlekte witsnuitlibel";"Gewone oeverlibel";"Orthetrum cancellatum";"imago";33;183;88;66
"libellen";"Gevlekte witsnuitlibel";"Gewone oeverlibel";"Orthetrum cancellatum";"imago (niet uitgekleurd)";0;0;0;0
"libellen";"Gevlekte witsnuitlibel";"Gewone oeverlibel";"Orthetrum cancellatum";"larvenhuidje";0;0;0;0
"libellen";"Gevlekte witsnuitlibel";"Gewone pantserjuffer";"Lestes sponsa";"imago";300;58;303;119
"libellen";"Gevlekte witsnuitlibel";"Gewone pantserjuffer";"Lestes sponsa";"imago (niet uitgekleurd)";0;0;0;0
"libellen";"Gevlekte witsnuitlibel";"Gewone pantserjuffer";"Lestes sponsa";"larvenhuidje";0;0;0;0
"libellen";"Gevlekte witsnuitlibel";"Glassnijder";"Brachytron pratense";"imago";7;0;15;23
"libellen";"Gevlekte witsnuitlibel";"Glassnijder";"Brachytron pratense";"imago (niet uitgekleurd)";0;0;0;0
"libellen";"Gevlekte witsnuitlibel";"Glassnijder";"Brachytron pratense";"larvenhuidje";0;0;0;1
"libellen";"Gevlekte witsnuitlibel";"Grote keizerlibel";"Anax imperator";"imago";47;109;69;55
"libellen";"Gevlekte witsnuitlibel";"Grote keizerlibel";"Anax imperator";"imago (niet uitgekleurd)";0;0;0;0
"libellen";"Gevlekte witsnuitlibel";"Grote keizerlibel";"Anax imperator";"larvenhuidje";0;0;0;0
"libellen";"Gevlekte witsnuitlibel";"Grote roodoogjuffer";"Erythromma najas";"imago";167;19;28;36
"libellen";"Gevlekte witsnuitlibel";"Grote roodoogjuffer";"Erythromma najas";"imago (niet uitgekleurd)";0;0;0;0
"libellen";"Gevlekte witsnuitlibel";"Grote roodoogjuffer";"Erythromma najas";"larvenhuidje";0;0;0;0
"libellen";"Gevlekte witsnuitlibel";"Houtpantserjuffer";"Chalcolestes viridis";"imago";0;0;3;3
"libellen";"Gevlekte witsnuitlibel";"Houtpantserjuffer";"Chalcolestes viridis";"imago (niet uitgekleurd)";0;0;0;0
"libellen";"Gevlekte witsnuitlibel";"Houtpantserjuffer";"Chalcolestes viridis";"larvenhuidje";0;0;0;0
"libellen";"Gevlekte witsnuitlibel";"Koraaljuffer";"Ceriagrion tenellum";"imago";90;218;111;119
"libellen";"Gevlekte witsnuitlibel";"Koraaljuffer";"Ceriagrion tenellum";"imago (niet uitgekleurd)";0;0;15;0
"libellen";"Gevlekte witsnuitlibel";"Koraaljuffer";"Ceriagrion tenellum";"larvenhuidje";0;0;0;0
"libellen";"Gevlekte witsnuitlibel";"Lantaarntje";"Ischnura elegans";"imago";139;176;89;113
"libellen";"Gevlekte witsnuitlibel";"Lantaarntje";"Ischnura elegans";"imago (niet uitgekleurd)";0;0;0;0
"libellen";"Gevlekte witsnuitlibel";"Lantaarntje";"Ischnura elegans";"larvenhuidje";0;0;0;0
"libellen";"Gevlekte witsnuitlibel";"Metaalglanslibel";"Somatochlora metallica";"imago";3;0;0;0
"libellen";"Gevlekte witsnuitlibel";"Noordse witsnuitlibel";"Leucorrhinia rubicunda";"imago";3;19;15;2
"libellen";"Gevlekte witsnuitlibel";"Noordse witsnuitlibel";"Leucorrhinia rubicunda";"imago (niet uitgekleurd)";0;0;0;0
"libellen";"Gevlekte witsnuitlibel";"Noordse witsnuitlibel";"Leucorrhinia rubicunda";"larvenhuidje";0;0;0;0
"libellen";"Gevlekte witsnuitlibel";"Plasrombout";"Gomphus pulchellus";"imago";1;0;0;1
"libellen";"Gevlekte witsnuitlibel";"Plasrombout";"Gomphus pulchellus";"imago (niet uitgekleurd)";0;0;0;0
"libellen";"Gevlekte witsnuitlibel";"Plasrombout";"Gomphus pulchellus";"larvenhuidje";0;0;0;0
"libellen";"Gevlekte witsnuitlibel";"Platbuik";"Libellula depressa";"imago";12;20;7;1
"libellen";"Gevlekte witsnuitlibel";"Platbuik";"Libellula depressa";"imago (niet uitgekleurd)";0;0;0;0
"libellen";"Gevlekte witsnuitlibel";"Platbuik";"Libellula depressa";"larvenhuidje";0;0;0;0
"libellen";"Gevlekte witsnuitlibel";"Smaragdlibel";"Cordulia aenea";"imago";173;130;79;22
"libellen";"Gevlekte witsnuitlibel";"Smaragdlibel";"Cordulia aenea";"imago (niet uitgekleurd)";0;0;0;0
"libellen";"Gevlekte witsnuitlibel";"Smaragdlibel";"Cordulia aenea";"larvenhuidje";0;0;0;0
"libellen";"Gevlekte witsnuitlibel";"Speerwaterjuffer";"Coenagrion hastulatum";"imago";126;16;0;1
"libellen";"Gevlekte witsnuitlibel";"Steenrode heidelibel";"Sympetrum vulgatum";"imago";0;0;1;0
"libellen";"Gevlekte witsnuitlibel";"Steenrode heidelibel";"Sympetrum vulgatum";"imago (niet uitgekleurd)";0;0;0;0
"libellen";"Gevlekte witsnuitlibel";"Steenrode heidelibel";"Sympetrum vulgatum";"larvenhuidje";0;0;0;0
"libellen";"Gevlekte witsnuitlibel";"Tangpantserjuffer";"Lestes dryas";"imago";125;45;617;108
"libellen";"Gevlekte witsnuitlibel";"Tangpantserjuffer";"Lestes dryas";"imago (niet uitgekleurd)";0;0;0;0
"libellen";"Gevlekte witsnuitlibel";"Tangpantserjuffer";"Lestes dryas";"larvenhuidje";0;0;0;0
"libellen";"Gevlekte witsnuitlibel";"Tengere grasjuffer";"Ischnura pumilio";"imago";0;0;2;2
"libellen";"Gevlekte witsnuitlibel";"Tengere grasjuffer";"Ischnura pumilio";"imago (niet uitgekleurd)";0;0;0;0
"libellen";"Gevlekte witsnuitlibel";"Tengere grasjuffer";"Ischnura pumilio";"larvenhuidje";0;0;0;0
"libellen";"Gevlekte witsnuitlibel";"Tengere pantserjuffer";"Lestes virens";"imago";150;3;522;139
"libellen";"Gevlekte witsnuitlibel";"Tengere pantserjuffer";"Lestes virens";"imago (niet uitgekleurd)";0;0;0;0
"libellen";"Gevlekte witsnuitlibel";"Tengere pantserjuffer";"Lestes virens";"larvenhuidje";0;0;0;0
"libellen";"Gevlekte witsnuitlibel";"Variabele waterjuffer";"Coenagrion pulchellum";"imago";3;0;331;26
"libellen";"Gevlekte witsnuitlibel";"Variabele waterjuffer";"Coenagrion pulchellum";"imago (niet uitgekleurd)";0;0;0;0
"libellen";"Gevlekte witsnuitlibel";"Variabele waterjuffer";"Coenagrion pulchellum";"larvenhuidje";0;0;0;0
"libellen";"Gevlekte witsnuitlibel";"Venwitsnuitlibel";"Leucorrhinia dubia";"imago";69;69;25;13
"libellen";"Gevlekte witsnuitlibel";"Venwitsnuitlibel";"Leucorrhinia dubia";"imago (niet uitgekleurd)";0;0;0;0
"libellen";"Gevlekte witsnuitlibel";"Venwitsnuitlibel";"Leucorrhinia dubia";"larvenhuidje";0;0;0;0
"libellen";"Gevlekte witsnuitlibel";"Viervlek";"Libellula quadrimaculata";"imago";382;1010;616;291
"libellen";"Gevlekte witsnuitlibel";"Viervlek";"Libellula quadrimaculata";"imago (niet uitgekleurd)";0;0;0;0
"libellen";"Gevlekte witsnuitlibel";"Viervlek";"Libellula quadrimaculata";"larvenhuidje";0;0;0;1
"libellen";"Gevlekte witsnuitlibel";"Vroege glazenmaker";"Aeshna isoceles";"imago";29;102;21;19
"libellen";"Gevlekte witsnuitlibel";"Vroege glazenmaker";"Aeshna isoceles";"imago (niet uitgekleurd)";0;0;0;0
"libellen";"Gevlekte witsnuitlibel";"Vroege glazenmaker";"Aeshna isoceles";"larvenhuidje";0;0;0;0
"libellen";"Gevlekte witsnuitlibel";"Vuurjuffer";"Pyrrhosoma nymphula";"imago";105;69;19;17
"libellen";"Gevlekte witsnuitlibel";"Vuurjuffer";"Pyrrhosoma nymphula";"imago (niet uitgekleurd)";0;0;0;0
"libellen";"Gevlekte witsnuitlibel";"Vuurjuffer";"Pyrrhosoma nymphula";"larvenhuidje";0;0;0;0
"libellen";"Gevlekte witsnuitlibel";"Vuurlibel";"Crocothemis erythraea";"imago";7;27;20;19
"libellen";"Gevlekte witsnuitlibel";"Vuurlibel";"Crocothemis erythraea";"imago (niet uitgekleurd)";0;0;0;0
"libellen";"Gevlekte witsnuitlibel";"Vuurlibel";"Crocothemis erythraea";"larvenhuidje";0;0;0;0
"libellen";"Gevlekte witsnuitlibel";"Watersnuffel";"Enallagma cyathigerum";"imago";668;383;153;135
"libellen";"Gevlekte witsnuitlibel";"Watersnuffel";"Enallagma cyathigerum";"imago (niet uitgekleurd)";0;0;0;0
"libellen";"Gevlekte witsnuitlibel";"Watersnuffel";"Enallagma cyathigerum";"larvenhuidje";0;0;0;0
"libellen";"Gevlekte witsnuitlibel";"Weidebeekjuffer";"Calopteryx splendens";"imago";1;4;18;13
"libellen";"Gevlekte witsnuitlibel";"Weidebeekjuffer";"Calopteryx splendens";"imago (niet uitgekleurd)";0;0;0;0
"libellen";"Gevlekte witsnuitlibel";"Weidebeekjuffer";"Calopteryx splendens";"larvenhuidje";0;0;0;0
"libellen";"Gevlekte witsnuitlibel";"Zadellibel";"Anax ephippiger";"imago";0;0;0;1
"libellen";"Gevlekte witsnuitlibel";"Zuidelijke keizerlibel";"Anax parthenope";"imago";1;2;1;4
"libellen";"Gevlekte witsnuitlibel";"Zuidelijke keizerlibel";"Anax parthenope";"imago (niet uitgekleurd)";0;0;0;0
"libellen";"Gevlekte witsnuitlibel";"Zuidelijke keizerlibel";"Anax parthenope";"larvenhuidje";0;0;0;0
"libellen";"Gevlekte witsnuitlibel";"Zuidelijke oeverlibel";"Orthetrum brunneum";"imago";0;1;0;0
"libellen";"Gevlekte witsnuitlibel";"Zwarte heidelibel";"Sympetrum danae";"imago";4;0;3;23
"libellen";"Gevlekte witsnuitlibel";"Zwarte heidelibel";"Sympetrum danae";"imago (niet uitgekleurd)";0;0;2;0
"libellen";"Gevlekte witsnuitlibel";"Zwarte heidelibel";"Sympetrum danae";"larvenhuidje";0;0;0;0
"libellen";"Gevlekte witsnuitlibel";"Zwervende heidelibel";"Sympetrum fonscolombii";"imago";0;0;0;2
"libellen";"Gevlekte witsnuitlibel";"Zwervende heidelibel";"Sympetrum fonscolombii";"imago (niet uitgekleurd)";0;0;0;0
"libellen";"Gevlekte witsnuitlibel";"Zwervende heidelibel";"Sympetrum fonscolombii";"larvenhuidje";0;0;0;0
"libellen";"Hoogveenglanslibel";"Azuurwaterjuffer";"Coenagrion puella";"imago";0;0;117;222
"libellen";"Hoogveenglanslibel";"Azuurwaterjuffer";"Coenagrion puella";"imago (niet uitgekleurd)";0;0;0;0
"libellen";"Hoogveenglanslibel";"Azuurwaterjuffer";"Coenagrion puella";"larvenhuidje";0;0;0;0
"libellen";"Hoogveenglanslibel";"Beekoeverlibel";"Orthetrum coerulescens";"imago";0;0;50;51
"libellen";"Hoogveenglanslibel";"Beekoeverlibel";"Orthetrum coerulescens";"imago (niet uitgekleurd)";0;0;0;0
"libellen";"Hoogveenglanslibel";"Beekoeverlibel";"Orthetrum coerulescens";"larvenhuidje";0;0;0;0
"libellen";"Hoogveenglanslibel";"Blauwe glazenmaker";"Aeshna cyanea";"imago";0;0;5;2
"libellen";"Hoogveenglanslibel";"Blauwe glazenmaker";"Aeshna cyanea";"imago (niet uitgekleurd)";0;0;0;0
"libellen";"Hoogveenglanslibel";"Blauwe glazenmaker";"Aeshna cyanea";"larvenhuidje";0;0;0;0
"libellen";"Hoogveenglanslibel";"Bloedrode heidelibel";"Sympetrum sanguineum";"imago";0;0;9;51
"libellen";"Hoogveenglanslibel";"Bloedrode heidelibel";"Sympetrum sanguineum";"imago (niet uitgekleurd)";0;0;0;22
"libellen";"Hoogveenglanslibel";"Bloedrode heidelibel";"Sympetrum sanguineum";"larvenhuidje";0;0;0;0
"libellen";"Hoogveenglanslibel";"Bosbeekjuffer";"Calopteryx virgo";"imago";0;0;2;0
"libellen";"Hoogveenglanslibel";"Bosbeekjuffer";"Calopteryx virgo";"imago (niet uitgekleurd)";0;0;0;0
"libellen";"Hoogveenglanslibel";"Bosbeekjuffer";"Calopteryx virgo";"larvenhuidje";0;0;0;0
"libellen";"Hoogveenglanslibel";"Bruine korenbout";"Libellula fulva";"imago";0;0;0;8
"libellen";"Hoogveenglanslibel";"Bruine korenbout";"Libellula fulva";"imago (niet uitgekleurd)";0;0;0;0
"libellen";"Hoogveenglanslibel";"Bruine korenbout";"Libellula fulva";"larvenhuidje";0;0;0;0
"libellen";"Hoogveenglanslibel";"Bruine winterjuffer";"Sympecma fusca";"imago";0;0;1;0
"libellen";"Hoogveenglanslibel";"Bruine winterjuffer";"Sympecma fusca";"imago (niet uitgekleurd)";0;0;0;0
"libellen";"Hoogveenglanslibel";"Bruine winterjuffer";"Sympecma fusca";"larvenhuidje";0;0;0;0
"libellen";"Hoogveenglanslibel";"Bruinrode heidelibel";"Sympetrum striolatum";"imago";0;0;4;18
"libellen";"Hoogveenglanslibel";"Bruinrode heidelibel";"Sympetrum striolatum";"imago (niet uitgekleurd)";0;0;0;2
"libellen";"Hoogveenglanslibel";"Bruinrode heidelibel";"Sympetrum striolatum";"larvenhuidje";0;0;0;0
"libellen";"Hoogveenglanslibel";"Gaffelwaterjuffer";"Coenagrion scitulum";"imago";0;0;2;1
"libellen";"Hoogveenglanslibel";"Gaffelwaterjuffer";"Coenagrion scitulum";"imago (niet uitgekleurd)";0;0;0;0
"libellen";"Hoogveenglanslibel";"Gaffelwaterjuffer";"Coenagrion scitulum";"larvenhuidje";0;0;0;0
"libellen";"Hoogveenglanslibel";"Gevlekte glanslibel";"Somatochlora flavomaculata";"imago";0;0;16;11
"libellen";"Hoogveenglanslibel";"Gevlekte glanslibel";"Somatochlora flavomaculata";"imago (niet uitgekleurd)";0;0;0;0
"libellen";"Hoogveenglanslibel";"Gevlekte glanslibel";"Somatochlora flavomaculata";"larvenhuidje";0;0;0;0
"libellen";"Hoogveenglanslibel";"Gevlekte witsnuitlibel";"Leucorrhinia pectoralis";"imago";0;0;1;0
"libellen";"Hoogveenglanslibel";"Gevlekte witsnuitlibel";"Leucorrhinia pectoralis";"imago (niet uitgekleurd)";0;0;0;0
"libellen";"Hoogveenglanslibel";"Gevlekte witsnuitlibel";"Leucorrhinia pectoralis";"larvenhuidje";0;0;0;0
"libellen";"Hoogveenglanslibel";"Gewone bronlibel";"Cordulegaster boltonii";"imago";0;0;3;1
"libellen";"Hoogveenglanslibel";"Gewone bronlibel";"Cordulegaster boltonii";"imago (niet uitgekleurd)";0;0;0;0
"libellen";"Hoogveenglanslibel";"Gewone bronlibel";"Cordulegaster boltonii";"larvenhuidje";0;0;0;0
"libellen";"Hoogveenglanslibel";"Gewone oeverlibel";"Orthetrum cancellatum";"imago";0;0;15;188
"libellen";"Hoogveenglanslibel";"Gewone oeverlibel";"Orthetrum cancellatum";"imago (niet uitgekleurd)";0;0;0;0
"libellen";"Hoogveenglanslibel";"Gewone oeverlibel";"Orthetrum cancellatum";"larvenhuidje";0;0;0;2
"libellen";"Hoogveenglanslibel";"Gewone pantserjuffer";"Lestes sponsa";"imago";0;0;18;42
"libellen";"Hoogveenglanslibel";"Gewone pantserjuffer";"Lestes sponsa";"imago (niet uitgekleurd)";0;0;0;0
"libellen";"Hoogveenglanslibel";"Gewone pantserjuffer";"Lestes sponsa";"larvenhuidje";0;0;0;0
"libellen";"Hoogveenglanslibel";"Grote keizerlibel";"Anax imperator";"imago";0;0;21;49
"libellen";"Hoogveenglanslibel";"Grote keizerlibel";"Anax imperator";"imago (niet uitgekleurd)";0;0;0;0
"libellen";"Hoogveenglanslibel";"Grote keizerlibel";"Anax imperator";"larvenhuidje";0;0;0;0
"libellen";"Hoogveenglanslibel";"Grote roodoogjuffer";"Erythromma najas";"imago";0;0;0;10
"libellen";"Hoogveenglanslibel";"Grote roodoogjuffer";"Erythromma najas";"imago (niet uitgekleurd)";0;0;0;0
"libellen";"Hoogveenglanslibel";"Grote roodoogjuffer";"Erythromma najas";"larvenhuidje";0;0;0;0
"libellen";"Hoogveenglanslibel";"Koraaljuffer";"Ceriagrion tenellum";"imago";0;0;97;121
"libellen";"Hoogveenglanslibel";"Koraaljuffer";"Ceriagrion tenellum";"imago (niet uitgekleurd)";0;0;0;0
"libellen";"Hoogveenglanslibel";"Koraaljuffer";"Ceriagrion tenellum";"larvenhuidje";0;0;0;0
"libellen";"Hoogveenglanslibel";"Lantaarntje";"Ischnura elegans";"imago";0;0;115;187
"libellen";"Hoogveenglanslibel";"Lantaarntje";"Ischnura elegans";"imago (niet uitgekleurd)";0;0;0;0
"libellen";"Hoogveenglanslibel";"Lantaarntje";"Ischnura elegans";"larvenhuidje";0;0;0;0
"libellen";"Hoogveenglanslibel";"Noordse witsnuitlibel";"Leucorrhinia rubicunda";"imago";0;0;1;2
"libellen";"Hoogveenglanslibel";"Noordse witsnuitlibel";"Leucorrhinia rubicunda";"imago (niet uitgekleurd)";0;0;0;0
"libellen";"Hoogveenglanslibel";"Noordse witsnuitlibel";"Leucorrhinia rubicunda";"larvenhuidje";0;0;0;0
"libellen";"Hoogveenglanslibel";"Platbuik";"Libellula depressa";"imago";0;0;1;0
"libellen";"Hoogveenglanslibel";"Platbuik";"Libellula depressa";"imago (niet uitgekleurd)";0;0;0;0
"libellen";"Hoogveenglanslibel";"Platbuik";"Libellula depressa";"larvenhuidje";0;0;0;0
"libellen";"Hoogveenglanslibel";"Steenrode heidelibel";"Sympetrum vulgatum";"imago";0;0;0;4
"libellen";"Hoogveenglanslibel";"Steenrode heidelibel";"Sympetrum vulgatum";"imago (niet uitgekleurd)";0;0;0;0
"libellen";"Hoogveenglanslibel";"Steenrode heidelibel";"Sympetrum vulgatum";"larvenhuidje";0;0;0;0
"libellen";"Hoogveenglanslibel";"Tangpantserjuffer";"Lestes dryas";"imago";0;0;0;2
"libellen";"Hoogveenglanslibel";"Tangpantserjuffer";"Lestes dryas";"imago (niet uitgekleurd)";0;0;0;0
"libellen";"Hoogveenglanslibel";"Tangpantserjuffer";"Lestes dryas";"larvenhuidje";0;0;0;0
"libellen";"Hoogveenglanslibel";"Tengere grasjuffer";"Ischnura pumilio";"imago";0;0;6;2
"libellen";"Hoogveenglanslibel";"Tengere grasjuffer";"Ischnura pumilio";"imago (niet uitgekleurd)";0;0;0;0
"libellen";"Hoogveenglanslibel";"Tengere grasjuffer";"Ischnura pumilio";"larvenhuidje";0;0;0;0
"libellen";"Hoogveenglanslibel";"Tengere pantserjuffer";"Lestes virens";"imago";0;0;0;15
"libellen";"Hoogveenglanslibel";"Tengere pantserjuffer";"Lestes virens";"imago (niet uitgekleurd)";0;0;0;0
"libellen";"Hoogveenglanslibel";"Tengere pantserjuffer";"Lestes virens";"larvenhuidje";0;0;0;0
"libellen";"Hoogveenglanslibel";"Variabele waterjuffer";"Coenagrion pulchellum";"imago";0;0;0;11
"libellen";"Hoogveenglanslibel";"Variabele waterjuffer";"Coenagrion pulchellum";"imago (niet uitgekleurd)";0;0;0;0
"libellen";"Hoogveenglanslibel";"Variabele waterjuffer";"Coenagrion pulchellum";"larvenhuidje";0;0;0;0
"libellen";"Hoogveenglanslibel";"Viervlek";"Libellula quadrimaculata";"imago";0;0;58;142
"libellen";"Hoogveenglanslibel";"Viervlek";"Libellula quadrimaculata";"imago (niet uitgekleurd)";0;0;0;0
"libellen";"Hoogveenglanslibel";"Viervlek";"Libellula quadrimaculata";"larvenhuidje";0;0;0;0
"libellen";"Hoogveenglanslibel";"Vroege glazenmaker";"Aeshna isoceles";"imago";0;0;1;12
"libellen";"Hoogveenglanslibel";"Vroege glazenmaker";"Aeshna isoceles";"imago (niet uitgekleurd)";0;0;0;0
"libellen";"Hoogveenglanslibel";"Vroege glazenmaker";"Aeshna isoceles";"larvenhuidje";0;0;0;0
"libellen";"Hoogveenglanslibel";"Vuurjuffer";"Pyrrhosoma nymphula";"imago";0;0;6;3
"libellen";"Hoogveenglanslibel";"Vuurjuffer";"Pyrrhosoma nymphula";"imago (niet uitgekleurd)";0;0;0;0
"libellen";"Hoogveenglanslibel";"Vuurjuffer";"Pyrrhosoma nymphula";"larvenhuidje";0;0;0;0
"libellen";"Hoogveenglanslibel";"Vuurlibel";"Crocothemis erythraea";"imago";0;0;18;25
"libellen";"Hoogveenglanslibel";"Vuurlibel";"Crocothemis erythraea";"imago (niet uitgekleurd)";0;0;0;0
"libellen";"Hoogveenglanslibel";"Vuurlibel";"Crocothemis erythraea";"larvenhuidje";0;0;0;0
"libellen";"Hoogveenglanslibel";"Watersnuffel";"Enallagma cyathigerum";"imago";0;0;4;8
"libellen";"Hoogveenglanslibel";"Watersnuffel";"Enallagma cyathigerum";"imago (niet uitgekleurd)";0;0;0;0
"libellen";"Hoogveenglanslibel";"Watersnuffel";"Enallagma cyathigerum";"larvenhuidje";0;0;0;2
"libellen";"Hoogveenglanslibel";"Zwarte heidelibel";"Sympetrum danae";"imago";0;0;7;19
"libellen";"Hoogveenglanslibel";"Zwarte heidelibel";"Sympetrum danae";"imago (niet uitgekleurd)";0;0;0;0
"libellen";"Hoogveenglanslibel";"Zwarte heidelibel";"Sympetrum danae";"larvenhuidje";0;0;0;2
"libellen";"Hoogveenglanslibel";"Zwervende heidelibel";"Sympetrum fonscolombii";"imago";0;0;1;14
"libellen";"Hoogveenglanslibel";"Zwervende heidelibel";"Sympetrum fonscolombii";"imago (niet uitgekleurd)";0;0;0;0
"libellen";"Hoogveenglanslibel";"Zwervende heidelibel";"Sympetrum fonscolombii";"larvenhuidje";0;0;0;0
"libellen";"Hoogveenglanslibel";"Zwervende pantserjuffer";"Lestes barbarus";"imago";0;0;0;4
"libellen";"Hoogveenglanslibel";"Zwervende pantserjuffer";"Lestes barbarus";"imago (niet uitgekleurd)";0;0;0;0
"libellen";"Hoogveenglanslibel";"Zwervende pantserjuffer";"Lestes barbarus";"larvenhuidje";0;0;0;0
"libellen";"Kempense heidelibel";"Azuurwaterjuffer";"Coenagrion puella";"imago";0;0;0;5
"libellen";"Kempense heidelibel";"Bandheidelibel";"Sympetrum pedemontanum";"imago";2;0;0;0
"libellen";"Kempense heidelibel";"Beekoeverlibel";"Orthetrum coerulescens";"imago";41;3;7;101
"libellen";"Kempense heidelibel";"Blauwe glazenmaker";"Aeshna cyanea";"imago";1;0;0;0
"libellen";"Kempense heidelibel";"Bloedrode heidelibel";"Sympetrum sanguineum";"imago";5;3;3;75
"libellen";"Kempense heidelibel";"Breedscheenjuffer";"Platycnemis pennipes";"imago";105;2;3;10
"libellen";"Kempense heidelibel";"Bruine glazenmaker";"Aeshna grandis";"imago";2;0;0;1
"libellen";"Kempense heidelibel";"Bruine korenbout";"Libellula fulva";"imago";0;0;0;2
"libellen";"Kempense heidelibel";"Bruine winterjuffer";"Sympecma fusca";"imago";2;12;3;25
"libellen";"Kempense heidelibel";"Bruine winterjuffer";"Sympecma fusca";"imago (niet uitgekleurd)";0;0;0;0
"libellen";"Kempense heidelibel";"Bruine winterjuffer";"Sympecma fusca";"larvenhuidje";0;0;0;0
"libellen";"Kempense heidelibel";"Bruinrode heidelibel";"Sympetrum striolatum";"imago";52;19;33;101
"libellen";"Kempense heidelibel";"Gevlekte glanslibel";"Somatochlora flavomaculata";"imago";0;0;2;3
"libellen";"Kempense heidelibel";"Gewone oeverlibel";"Orthetrum cancellatum";"imago";30;3;1;10
"libellen";"Kempense heidelibel";"Gewone pantserjuffer";"Lestes sponsa";"imago";10;1;1;21
"libellen";"Kempense heidelibel";"Grote keizerlibel";"Anax imperator";"imago";1;3;1;6
"libellen";"Kempense heidelibel";"Houtpantserjuffer";"Chalcolestes viridis";"imago";3;0;2;2
"libellen";"Kempense heidelibel";"Koraaljuffer";"Ceriagrion tenellum";"imago";4;2;1;11
"libellen";"Kempense heidelibel";"Lantaarntje";"Ischnura elegans";"imago";15;1;2;15
"libellen";"Kempense heidelibel";"Paardenbijter";"Aeshna mixta";"imago";1;2;9;3
"libellen";"Kempense heidelibel";"Platbuik";"Libellula depressa";"imago";0;0;0;1
"libellen";"Kempense heidelibel";"Steenrode heidelibel";"Sympetrum vulgatum";"imago";25;12;51;101
"libellen";"Kempense heidelibel";"Tengere grasjuffer";"Ischnura pumilio";"imago";0;1;0;0
"libellen";"Kempense heidelibel";"Tengere pantserjuffer";"Lestes virens";"imago";0;9;56;51
"libellen";"Kempense heidelibel";"Vroege glazenmaker";"Aeshna isoceles";"imago";0;0;0;4
"libellen";"Kempense heidelibel";"Vuurlibel";"Crocothemis erythraea";"imago";1;0;1;0
"libellen";"Kempense heidelibel";"Watersnuffel";"Enallagma cyathigerum";"imago";0;0;3;5
"libellen";"Kempense heidelibel";"Zuidelijke glazenmaker";"Aeshna affinis";"imago";0;0;1;0
"libellen";"Kempense heidelibel";"Zuidelijke keizerlibel";"Anax parthenope";"imago";0;0;1;1
"libellen";"Kempense heidelibel";"Zwarte heidelibel";"Sympetrum danae";"imago";17;0;5;6
"libellen";"Kempense heidelibel";"Zwarte heidelibel";"Sympetrum danae";"imago (niet uitgekleurd)";0;0;0;0
"libellen";"Kempense heidelibel";"Zwarte heidelibel";"Sympetrum danae";"larvenhuidje";0;0;0;0
"libellen";"Maanwaterjuffer";"Azuurwaterjuffer";"Coenagrion puella";"imago";125;137;66;6
"libellen";"Maanwaterjuffer";"Azuurwaterjuffer";"Coenagrion puella";"imago (niet uitgekleurd)";0;0;0;0
"libellen";"Maanwaterjuffer";"Azuurwaterjuffer";"Coenagrion puella";"larvenhuidje";0;0;0;0
"libellen";"Maanwaterjuffer";"Bruine winterjuffer";"Sympecma fusca";"imago";1;25;0;3
"libellen";"Maanwaterjuffer";"Gevlekte witsnuitlibel";"Leucorrhinia pectoralis";"imago";1;0;2;0
"libellen";"Maanwaterjuffer";"Gewone oeverlibel";"Orthetrum cancellatum";"imago";7;5;10;12
"libellen";"Maanwaterjuffer";"Gewone oeverlibel";"Orthetrum cancellatum";"imago (niet uitgekleurd)";0;0;0;0
"libellen";"Maanwaterjuffer";"Gewone oeverlibel";"Orthetrum cancellatum";"larvenhuidje";0;0;0;0
"libellen";"Maanwaterjuffer";"Glassnijder";"Brachytron pratense";"imago";2;0;0;0
"libellen";"Maanwaterjuffer";"Grote keizerlibel";"Anax imperator";"imago";0;5;1;0
"libellen";"Maanwaterjuffer";"Grote roodoogjuffer";"Erythromma najas";"imago";1;8;10;6
"libellen";"Maanwaterjuffer";"Grote roodoogjuffer";"Erythromma najas";"imago (niet uitgekleurd)";0;0;0;0
"libellen";"Maanwaterjuffer";"Grote roodoogjuffer";"Erythromma najas";"larvenhuidje";0;0;0;0
"libellen";"Maanwaterjuffer";"Koraaljuffer";"Ceriagrion tenellum";"imago";0;0;3;0
"libellen";"Maanwaterjuffer";"Lantaarntje";"Ischnura elegans";"imago";8;10;15;6
"libellen";"Maanwaterjuffer";"Lantaarntje";"Ischnura elegans";"imago (niet uitgekleurd)";0;0;0;0
"libellen";"Maanwaterjuffer";"Lantaarntje";"Ischnura elegans";"larvenhuidje";0;0;0;0
"libellen";"Maanwaterjuffer";"Noordse witsnuitlibel";"Leucorrhinia rubicunda";"imago";36;48;23;1
"libellen";"Maanwaterjuffer";"Noordse witsnuitlibel";"Leucorrhinia rubicunda";"imago (niet uitgekleurd)";0;0;0;0
"libellen";"Maanwaterjuffer";"Noordse witsnuitlibel";"Leucorrhinia rubicunda";"larvenhuidje";0;0;0;0
"libellen";"Maanwaterjuffer";"Platbuik";"Libellula depressa";"imago";0;2;6;2
"libellen";"Maanwaterjuffer";"Smaragdlibel";"Cordulia aenea";"imago";26;33;26;8
"libellen";"Maanwaterjuffer";"Smaragdlibel";"Cordulia aenea";"imago (niet uitgekleurd)";0;2;0;0
"libellen";"Maanwaterjuffer";"Smaragdlibel";"Cordulia aenea";"larvenhuidje";0;0;0;0
"libellen";"Maanwaterjuffer";"Tengere grasjuffer";"Ischnura pumilio";"imago";0;1;0;1
"libellen";"Maanwaterjuffer";"Venwitsnuitlibel";"Leucorrhinia dubia";"imago";7;17;53;5
"libellen";"Maanwaterjuffer";"Venwitsnuitlibel";"Leucorrhinia dubia";"imago (niet uitgekleurd)";0;15;2;0
"libellen";"Maanwaterjuffer";"Venwitsnuitlibel";"Leucorrhinia dubia";"larvenhuidje";0;0;0;0
"libellen";"Maanwaterjuffer";"Viervlek";"Libellula quadrimaculata";"imago";119;134;156;40
"libellen";"Maanwaterjuffer";"Viervlek";"Libellula quadrimaculata";"imago (niet uitgekleurd)";0;0;0;0
"libellen";"Maanwaterjuffer";"Viervlek";"Libellula quadrimaculata";"larvenhuidje";0;0;0;0
"libellen";"Maanwaterjuffer";"Vuurjuffer";"Pyrrhosoma nymphula";"imago";100;1035;127;37
"libellen";"Maanwaterjuffer";"Vuurjuffer";"Pyrrhosoma nymphula";"imago (niet uitgekleurd)";0;10;0;0
"libellen";"Maanwaterjuffer";"Vuurjuffer";"Pyrrhosoma nymphula";"larvenhuidje";0;0;0;0
"libellen";"Maanwaterjuffer";"Watersnuffel";"Enallagma cyathigerum";"imago";648;788;356;81
"libellen";"Maanwaterjuffer";"Watersnuffel";"Enallagma cyathigerum";"imago (niet uitgekleurd)";0;100;0;0
"libellen";"Maanwaterjuffer";"Watersnuffel";"Enallagma cyathigerum";"larvenhuidje";0;0;0;0
"libellen";"Speerwaterjuffer";"Azuurwaterjuffer";"Coenagrion puella";"imago";0;211;245;156
"libellen";"Speerwaterjuffer";"Azuurwaterjuffer";"Coenagrion puella";"imago (niet uitgekleurd)";0;0;0;0
"libellen";"Speerwaterjuffer";"Azuurwaterjuffer";"Coenagrion puella";"larvenhuidje";0;0;0;0
"libellen";"Speerwaterjuffer";"Beekoeverlibel";"Orthetrum coerulescens";"imago";0;7;149;0
"libellen";"Speerwaterjuffer";"Beekoeverlibel";"Orthetrum coerulescens";"imago (niet uitgekleurd)";0;0;120;8
"libellen";"Speerwaterjuffer";"Blauwe glazenmaker";"Aeshna cyanea";"imago";0;0;1;0
"libellen";"Speerwaterjuffer";"Blauwe glazenmaker";"Aeshna cyanea";"imago (niet uitgekleurd)";0;0;0;0
"libellen";"Speerwaterjuffer";"Blauwe glazenmaker";"Aeshna cyanea";"larvenhuidje";0;0;0;0
"libellen";"Speerwaterjuffer";"Bruine winterjuffer";"Sympecma fusca";"imago";0;20;0;6
"libellen";"Speerwaterjuffer";"Bruine winterjuffer";"Sympecma fusca";"imago (niet uitgekleurd)";0;0;0;0
"libellen";"Speerwaterjuffer";"Bruine winterjuffer";"Sympecma fusca";"larvenhuidje";0;0;0;0
"libellen";"Speerwaterjuffer";"Gaffelwaterjuffer";"Coenagrion scitulum";"imago";0;0;2;0
"libellen";"Speerwaterjuffer";"Gaffelwaterjuffer";"Coenagrion scitulum";"imago (niet uitgekleurd)";0;0;0;0
"libellen";"Speerwaterjuffer";"Gaffelwaterjuffer";"Coenagrion scitulum";"larvenhuidje";0;0;0;0
"libellen";"Speerwaterjuffer";"Gevlekte glanslibel";"Somatochlora flavomaculata";"imago";0;0;3;0
"libellen";"Speerwaterjuffer";"Gevlekte glanslibel";"Somatochlora flavomaculata";"imago (niet uitgekleurd)";0;0;0;0
"libellen";"Speerwaterjuffer";"Gevlekte glanslibel";"Somatochlora flavomaculata";"larvenhuidje";0;0;0;0
"libellen";"Speerwaterjuffer";"Gevlekte witsnuitlibel";"Leucorrhinia pectoralis";"imago";0;6;48;5
"libellen";"Speerwaterjuffer";"Gevlekte witsnuitlibel";"Leucorrhinia pectoralis";"imago (niet uitgekleurd)";0;0;0;0
"libellen";"Speerwaterjuffer";"Gevlekte witsnuitlibel";"Leucorrhinia pectoralis";"larvenhuidje";0;0;0;0
"libellen";"Speerwaterjuffer";"Gewone oeverlibel";"Orthetrum cancellatum";"imago";0;31;50;0
"libellen";"Speerwaterjuffer";"Gewone oeverlibel";"Orthetrum cancellatum";"imago (niet uitgekleurd)";0;0;4;0
"libellen";"Speerwaterjuffer";"Gewone oeverlibel";"Orthetrum cancellatum";"larvenhuidje";0;0;0;0
"libellen";"Speerwaterjuffer";"Gewone pantserjuffer";"Lestes sponsa";"imago";0;1;7;1
"libellen";"Speerwaterjuffer";"Gewone pantserjuffer";"Lestes sponsa";"imago (niet uitgekleurd)";0;1;0;0
"libellen";"Speerwaterjuffer";"Gewone pantserjuffer";"Lestes sponsa";"larvenhuidje";0;0;0;0
"libellen";"Speerwaterjuffer";"Glassnijder";"Brachytron pratense";"imago";0;9;1;5
"libellen";"Speerwaterjuffer";"Glassnijder";"Brachytron pratense";"imago (niet uitgekleurd)";0;0;0;0
"libellen";"Speerwaterjuffer";"Glassnijder";"Brachytron pratense";"larvenhuidje";0;0;0;0
"libellen";"Speerwaterjuffer";"Grote keizerlibel";"Anax imperator";"imago";0;4;39;12
"libellen";"Speerwaterjuffer";"Grote keizerlibel";"Anax imperator";"imago (niet uitgekleurd)";0;0;0;0
"libellen";"Speerwaterjuffer";"Grote keizerlibel";"Anax imperator";"larvenhuidje";0;0;3;0
"libellen";"Speerwaterjuffer";"Grote roodoogjuffer";"Erythromma najas";"imago";0;13;6;0
"libellen";"Speerwaterjuffer";"Hoogveenglanslibel";"Somatochlora arctica";"imago";0;0;1;0
"libellen";"Speerwaterjuffer";"Hoogveenglanslibel";"Somatochlora arctica";"imago (niet uitgekleurd)";0;0;0;0
"libellen";"Speerwaterjuffer";"Hoogveenglanslibel";"Somatochlora arctica";"larvenhuidje";0;0;0;0
"libellen";"Speerwaterjuffer";"Houtpantserjuffer";"Chalcolestes viridis";"imago";0;0;5;0
"libellen";"Speerwaterjuffer";"Houtpantserjuffer";"Chalcolestes viridis";"imago (niet uitgekleurd)";0;0;0;0
"libellen";"Speerwaterjuffer";"Houtpantserjuffer";"Chalcolestes viridis";"larvenhuidje";0;0;0;0
"libellen";"Speerwaterjuffer";"Koraaljuffer";"Ceriagrion tenellum";"imago";0;14;121;21
"libellen";"Speerwaterjuffer";"Koraaljuffer";"Ceriagrion tenellum";"imago (niet uitgekleurd)";0;0;0;0
"libellen";"Speerwaterjuffer";"Koraaljuffer";"Ceriagrion tenellum";"larvenhuidje";0;0;0;0
"libellen";"Speerwaterjuffer";"Lantaarntje";"Ischnura elegans";"imago";0;29;241;52
"libellen";"Speerwaterjuffer";"Lantaarntje";"Ischnura elegans";"imago (niet uitgekleurd)";0;0;0;1
"libellen";"Speerwaterjuffer";"Lantaarntje";"Ischnura elegans";"larvenhuidje";0;0;0;0
"libellen";"Speerwaterjuffer";"Metaalglanslibel";"Somatochlora metallica";"imago";0;2;0;0
"libellen";"Speerwaterjuffer";"Noordse witsnuitlibel";"Leucorrhinia rubicunda";"imago";0;3;15;15
"libellen";"Speerwaterjuffer";"Noordse witsnuitlibel";"Leucorrhinia rubicunda";"imago (niet uitgekleurd)";0;0;0;0
"libellen";"Speerwaterjuffer";"Noordse witsnuitlibel";"Leucorrhinia rubicunda";"larvenhuidje";0;0;0;0
"libellen";"Speerwaterjuffer";"Plasrombout";"Gomphus pulchellus";"imago";0;1;0;0
"libellen";"Speerwaterjuffer";"Platbuik";"Libellula depressa";"imago";0;0;10;0
"libellen";"Speerwaterjuffer";"Smaragdlibel";"Cordulia aenea";"imago";0;63;22;29
"libellen";"Speerwaterjuffer";"Tengere grasjuffer";"Ischnura pumilio";"imago";0;0;97;3
"libellen";"Speerwaterjuffer";"Tengere grasjuffer";"Ischnura pumilio";"imago (niet uitgekleurd)";0;0;0;0
"libellen";"Speerwaterjuffer";"Tengere grasjuffer";"Ischnura pumilio";"larvenhuidje";0;0;0;0
"libellen";"Speerwaterjuffer";"Variabele waterjuffer";"Coenagrion pulchellum";"imago";0;2;0;1
"libellen";"Speerwaterjuffer";"Venwitsnuitlibel";"Leucorrhinia dubia";"imago";0;7;31;8
"libellen";"Speerwaterjuffer";"Viervlek";"Libellula quadrimaculata";"imago";0;470;342;66
"libellen";"Speerwaterjuffer";"Viervlek";"Libellula quadrimaculata";"imago (niet uitgekleurd)";0;1;0;1
"libellen";"Speerwaterjuffer";"Viervlek";"Libellula quadrimaculata";"larvenhuidje";0;0;0;0
"libellen";"Speerwaterjuffer";"Vroege glazenmaker";"Aeshna isoceles";"imago";0;10;26;6
"libellen";"Speerwaterjuffer";"Vroege glazenmaker";"Aeshna isoceles";"imago (niet uitgekleurd)";0;0;0;0
"libellen";"Speerwaterjuffer";"Vroege glazenmaker";"Aeshna isoceles";"larvenhuidje";0;0;0;0
"libellen";"Speerwaterjuffer";"Vuurjuffer";"Pyrrhosoma nymphula";"imago";0;32;9;32
"libellen";"Speerwaterjuffer";"Vuurjuffer";"Pyrrhosoma nymphula";"imago (niet uitgekleurd)";0;0;0;0
"libellen";"Speerwaterjuffer";"Vuurjuffer";"Pyrrhosoma nymphula";"larvenhuidje";0;0;0;0
"libellen";"Speerwaterjuffer";"Vuurlibel";"Crocothemis erythraea";"imago";0;2;8;0
"libellen";"Speerwaterjuffer";"Vuurlibel";"Crocothemis erythraea";"imago (niet uitgekleurd)";0;0;0;0
"libellen";"Speerwaterjuffer";"Vuurlibel";"Crocothemis erythraea";"larvenhuidje";0;0;0;0
"libellen";"Speerwaterjuffer";"Watersnuffel";"Enallagma cyathigerum";"imago";0;64;116;0
"libellen";"Variabele waterjuffer";"Azuurwaterjuffer";"Coenagrion puella";"adult";0;80;69;26
"libellen";"Variabele waterjuffer";"Azuurwaterjuffer";"Coenagrion puella";"imago (niet uitgekleurd)";0;0;0;0
"libellen";"Variabele waterjuffer";"Azuurwaterjuffer";"Coenagrion puella";"larvenhuidje";0;0;0;0
"libellen";"Variabele waterjuffer";"Beekoeverlibel";"Orthetrum coerulescens";"adult";0;0;2;0
"libellen";"Variabele waterjuffer";"Bloedrode heidelibel";"Sympetrum sanguineum";"adult";0;49;14;7
"libellen";"Variabele waterjuffer";"Bloedrode heidelibel";"Sympetrum sanguineum";"imago (niet uitgekleurd)";0;0;12;0
"libellen";"Variabele waterjuffer";"Bosbeekjuffer";"Calopteryx virgo";"adult";0;0;2;0
"libellen";"Variabele waterjuffer";"Breedscheenjuffer";"Platycnemis pennipes";"adult";0;9;2;13
"libellen";"Variabele waterjuffer";"Breedscheenjuffer";"Platycnemis pennipes";"imago (niet uitgekleurd)";0;0;1;0
"libellen";"Variabele waterjuffer";"Bruine korenbout";"Libellula fulva";"adult";0;18;1;2
"libellen";"Variabele waterjuffer";"Bruine winterjuffer";"Sympecma fusca";"adult";0;4;2;8
"libellen";"Variabele waterjuffer";"Bruine winterjuffer";"Sympecma fusca";"imago (niet uitgekleurd)";0;0;1;0
"libellen";"Variabele waterjuffer";"Bruinrode heidelibel";"Sympetrum striolatum";"adult";0;0;2;1
"libellen";"Variabele waterjuffer";"Gaffelwaterjuffer";"Coenagrion scitulum";"adult";0;0;0;1
"libellen";"Variabele waterjuffer";"Gevlekte witsnuitlibel";"Leucorrhinia pectoralis";"adult";0;0;3;0
"libellen";"Variabele waterjuffer";"Gewone oeverlibel";"Orthetrum cancellatum";"adult";0;21;65;4
"libellen";"Variabele waterjuffer";"Gewone oeverlibel";"Orthetrum cancellatum";"imago (niet uitgekleurd)";0;0;0;0
"libellen";"Variabele waterjuffer";"Gewone oeverlibel";"Orthetrum cancellatum";"larvenhuidje";0;0;0;0
"libellen";"Variabele waterjuffer";"Gewone pantserjuffer";"Lestes sponsa";"adult";0;0;17;5
"libellen";"Variabele waterjuffer";"Glassnijder";"Brachytron pratense";"adult";0;6;9;1
"libellen";"Variabele waterjuffer";"Glassnijder";"Brachytron pratense";"imago (niet uitgekleurd)";0;0;0;0
"libellen";"Variabele waterjuffer";"Glassnijder";"Brachytron pratense";"larvenhuidje";0;0;0;0
"libellen";"Variabele waterjuffer";"Grote keizerlibel";"Anax imperator";"adult";0;10;14;5
"libellen";"Variabele waterjuffer";"Grote keizerlibel";"Anax imperator";"imago (niet uitgekleurd)";0;0;0;0
"libellen";"Variabele waterjuffer";"Grote keizerlibel";"Anax imperator";"larvenhuidje";0;0;0;0
"libellen";"Variabele waterjuffer";"Grote roodoogjuffer";"Erythromma najas";"adult";0;26;24;1
"libellen";"Variabele waterjuffer";"Houtpantserjuffer";"Chalcolestes viridis";"adult";0;0;3;11
"libellen";"Variabele waterjuffer";"Koraaljuffer";"Ceriagrion tenellum";"adult";0;0;2;12
"libellen";"Variabele waterjuffer";"Koraaljuffer";"Ceriagrion tenellum";"imago (niet uitgekleurd)";0;0;1;0
"libellen";"Variabele waterjuffer";"Lantaarntje";"Ischnura elegans";"adult";0;171;193;105
"libellen";"Variabele waterjuffer";"Lantaarntje";"Ischnura elegans";"imago (niet uitgekleurd)";0;0;10;0
"libellen";"Variabele waterjuffer";"Lantaarntje";"Ischnura elegans";"larvenhuidje";0;0;1;0
"libellen";"Variabele waterjuffer";"Metaalglanslibel";"Somatochlora metallica";"adult";0;0;0;1
"libellen";"Variabele waterjuffer";"Platbuik";"Libellula depressa";"adult";0;0;1;3
"libellen";"Variabele waterjuffer";"Smaragdlibel";"Cordulia aenea";"adult";0;6;23;4
"libellen";"Variabele waterjuffer";"Smaragdlibel";"Cordulia aenea";"imago (niet uitgekleurd)";0;0;0;0
"libellen";"Variabele waterjuffer";"Smaragdlibel";"Cordulia aenea";"larvenhuidje";0;0;0;0
"libellen";"Variabele waterjuffer";"Tengere pantserjuffer";"Lestes virens";"adult";0;0;6;0
"libellen";"Variabele waterjuffer";"Viervlek";"Libellula quadrimaculata";"adult";0;5;63;14
"libellen";"Variabele waterjuffer";"Viervlek";"Libellula quadrimaculata";"imago (niet uitgekleurd)";0;0;0;0
"libellen";"Variabele waterjuffer";"Viervlek";"Libellula quadrimaculata";"larvenhuidje";0;0;0;0
"libellen";"Variabele waterjuffer";"Vroege glazenmaker";"Aeshna isoceles";"adult";0;30;50;2
"libellen";"Variabele waterjuffer";"Vroege glazenmaker";"Aeshna isoceles";"imago (niet uitgekleurd)";0;0;0;0
"libellen";"Variabele waterjuffer";"Vroege glazenmaker";"Aeshna isoceles";"larvenhuidje";0;2;0;0
"libellen";"Variabele waterjuffer";"Vuurjuffer";"Pyrrhosoma nymphula";"adult";0;90;6;54
"libellen";"Variabele waterjuffer";"Vuurjuffer";"Pyrrhosoma nymphula";"imago (niet uitgekleurd)";0;0;2;0
"libellen";"Variabele waterjuffer";"Vuurlibel";"Crocothemis erythraea";"adult";0;1;9;0
"libellen";"Variabele waterjuffer";"Vuurlibel";"Crocothemis erythraea";"imago (niet uitgekleurd)";0;0;0;0
"libellen";"Variabele waterjuffer";"Vuurlibel";"Crocothemis erythraea";"larvenhuidje";0;0;0;0
"libellen";"Variabele waterjuffer";"Watersnuffel";"Enallagma cyathigerum";"adult";0;0;3;591
"libellen";"Variabele waterjuffer";"Watersnuffel";"Enallagma cyathigerum";"imago (niet uitgekleurd)";0;0;1;1
"libellen";"Variabele waterjuffer";"Weidebeekjuffer";"Calopteryx splendens";"adult";0;0;18;2
"libellen";"Variabele waterjuffer";"Weidebeekjuffer";"Calopteryx splendens";"larvenhuidje";0;0;1;0
"libellen";"Variabele waterjuffer";"Zuidelijke keizerlibel";"Anax parthenope";"adult";0;1;2;1
"libellen";"Variabele waterjuffer";"Zuidelijke keizerlibel";"Anax parthenope";"imago (niet uitgekleurd)";0;0;0;0
"libellen";"Variabele waterjuffer";"Zuidelijke keizerlibel";"Anax parthenope";"larvenhuidje";0;0;0;0
"libellen";"Variabele waterjuffer";"Zuidelijke oeverlibel";"Orthetrum brunneum";"adult";0;0;1;0
"libellen";"Variabele waterjuffer";"Zwarte heidelibel";"Sympetrum danae";"imago (niet uitgekleurd)";0;0;1;0
"libellen";"Variabele waterjuffer";"Zwervende heidelibel";"Sympetrum fonscolombii";"adult";0;0;0;1
"libellen";"Vroege glazenmaker";"Azuurwaterjuffer";"Coenagrion puella";"adult";0;275;122;65
"libellen";"Vroege glazenmaker";"Azuurwaterjuffer";"Coenagrion puella";"imago (niet uitgekleurd)";0;0;0;0
"libellen";"Vroege glazenmaker";"Azuurwaterjuffer";"Coenagrion puella";"larvenhuidje";0;0;0;0
"libellen";"Vroege glazenmaker";"Beekoeverlibel";"Orthetrum coerulescens";"adult";0;10;0;0
"libellen";"Vroege glazenmaker";"Beekoeverlibel";"Orthetrum coerulescens";"imago (niet uitgekleurd)";0;13;0;0
"libellen";"Vroege glazenmaker";"Blauwe glazenmaker";"Aeshna cyanea";"adult";0;2;0;0
"libellen";"Vroege glazenmaker";"Bloedrode heidelibel";"Sympetrum sanguineum";"adult";0;1;191;2
"libellen";"Vroege glazenmaker";"Bloedrode heidelibel";"Sympetrum sanguineum";"imago (niet uitgekleurd)";0;6;2;0
"libellen";"Vroege glazenmaker";"Bosbeekjuffer";"Calopteryx virgo";"adult";0;0;0;2
"libellen";"Vroege glazenmaker";"Breedscheenjuffer";"Platycnemis pennipes";"adult";0;5;7;0
"libellen";"Vroege glazenmaker";"Bruine korenbout";"Libellula fulva";"adult";0;21;0;11
"libellen";"Vroege glazenmaker";"Bruine winterjuffer";"Sympecma fusca";"adult";0;10;0;2
"libellen";"Vroege glazenmaker";"Gaffelwaterjuffer";"Coenagrion scitulum";"adult";0;15;0;0
"libellen";"Vroege glazenmaker";"Gevlekte witsnuitlibel";"Leucorrhinia pectoralis";"adult";0;7;0;0
"libellen";"Vroege glazenmaker";"Gevlekte witsnuitlibel";"Leucorrhinia pectoralis";"imago (niet uitgekleurd)";0;0;0;0
"libellen";"Vroege glazenmaker";"Gevlekte witsnuitlibel";"Leucorrhinia pectoralis";"larvenhuidje";0;0;0;0
"libellen";"Vroege glazenmaker";"Gewone oeverlibel";"Orthetrum cancellatum";"adult";0;47;14;19
"libellen";"Vroege glazenmaker";"Gewone oeverlibel";"Orthetrum cancellatum";"imago (niet uitgekleurd)";0;0;5;0
"libellen";"Vroege glazenmaker";"Gewone oeverlibel";"Orthetrum cancellatum";"larvenhuidje";0;0;0;1
"libellen";"Vroege glazenmaker";"Gewone pantserjuffer";"Lestes sponsa";"adult";0;0;17;0
"libellen";"Vroege glazenmaker";"Glassnijder";"Brachytron pratense";"adult";0;6;5;1
"libellen";"Vroege glazenmaker";"Grote keizerlibel";"Anax imperator";"adult";0;70;23;5
"libellen";"Vroege glazenmaker";"Grote keizerlibel";"Anax imperator";"imago (niet uitgekleurd)";0;0;0;0
"libellen";"Vroege glazenmaker";"Grote roodoogjuffer";"Erythromma najas";"adult";0;284;39;0
"libellen";"Vroege glazenmaker";"Grote roodoogjuffer";"Erythromma najas";"imago (niet uitgekleurd)";0;0;0;0
"libellen";"Vroege glazenmaker";"Houtpantserjuffer";"Chalcolestes viridis";"adult";0;2;0;10
"libellen";"Vroege glazenmaker";"Kleine roodoogjuffer";"Erythromma viridulum";"adult";0;0;94;0
"libellen";"Vroege glazenmaker";"Lantaarntje";"Ischnura elegans";"adult";0;973;14;98
"libellen";"Vroege glazenmaker";"Metaalglanslibel";"Somatochlora metallica";"adult";0;1;0;0
"libellen";"Vroege glazenmaker";"Noordse witsnuitlibel";"Leucorrhinia rubicunda";"adult";0;2;0;0
"libellen";"Vroege glazenmaker";"Platbuik";"Libellula depressa";"adult";0;5;0;8
"libellen";"Vroege glazenmaker";"Platbuik";"Libellula depressa";"imago (niet uitgekleurd)";0;0;1;0
"libellen";"Vroege glazenmaker";"Smaragdlibel";"Cordulia aenea";"adult";0;14;0;1
"libellen";"Vroege glazenmaker";"Tangpantserjuffer";"Lestes dryas";"adult";0;0;0;4
"libellen";"Vroege glazenmaker";"Variabele waterjuffer";"Coenagrion pulchellum";"adult";0;74;2;0
"libellen";"Vroege glazenmaker";"Variabele waterjuffer";"Coenagrion pulchellum";"imago (niet uitgekleurd)";0;0;0;0
"libellen";"Vroege glazenmaker";"Variabele waterjuffer";"Coenagrion pulchellum";"larvenhuidje";0;0;0;0
"libellen";"Vroege glazenmaker";"Venwitsnuitlibel";"Leucorrhinia dubia";"adult";0;2;0;0
"libellen";"Vroege glazenmaker";"Viervlek";"Libellula quadrimaculata";"adult";0;71;0;5
"libellen";"Vroege glazenmaker";"Vuurjuffer";"Pyrrhosoma nymphula";"adult";0;7;0;1
"libellen";"Vroege glazenmaker";"Vuurlibel";"Crocothemis erythraea";"adult";0;9;0;0
"libellen";"Vroege glazenmaker";"Vuurlibel";"Crocothemis erythraea";"imago (niet uitgekleurd)";0;1;0;0
"libellen";"Vroege glazenmaker";"Watersnuffel";"Enallagma cyathigerum";"adult";0;64;0;0
"libellen";"Vroege glazenmaker";"Weidebeekjuffer";"Calopteryx splendens";"adult";0;0;0;24
"libellen";"Vroege glazenmaker";"Zuidelijke keizerlibel";"Anax parthenope";"adult";0;1;0;0
"libellen";"Vroege glazenmaker";"Zwervende heidelibel";"Sympetrum fonscolombii";"adult";0;0;0;2
"libellen";"Vroege glazenmaker";"Zwervende pantserjuffer";"Lestes barbarus";"adult";0;0;0;1
